-- --------------------------------------------------------
-- Host:                         127.0.0.1
-- Server version:               8.0.30 - MySQL Community Server - GPL
-- Server OS:                    Win64
-- HeidiSQL Version:             12.4.0.6659
-- --------------------------------------------------------

/*!40101 SET @OLD_CHARACTER_SET_CLIENT=@@CHARACTER_SET_CLIENT */;
/*!40101 SET NAMES utf8 */;
/*!50503 SET NAMES utf8mb4 */;
/*!40103 SET @OLD_TIME_ZONE=@@TIME_ZONE */;
/*!40103 SET TIME_ZONE='+00:00' */;
/*!40014 SET @OLD_FOREIGN_KEY_CHECKS=@@FOREIGN_KEY_CHECKS, FOREIGN_KEY_CHECKS=0 */;
/*!40101 SET @OLD_SQL_MODE=@@SQL_MODE, SQL_MODE='NO_AUTO_VALUE_ON_ZERO' */;
/*!40111 SET @OLD_SQL_NOTES=@@SQL_NOTES, SQL_NOTES=0 */;

-- Dumping structure for table badal_plus.categories
CREATE TABLE IF NOT EXISTS `categories` (
  `id` bigint unsigned NOT NULL AUTO_INCREMENT,
  `name_ar` varchar(255) COLLATE utf8mb4_unicode_ci NOT NULL,
  `name_en` varchar(255) COLLATE utf8mb4_unicode_ci NOT NULL,
  `parent_id` int NOT NULL DEFAULT '0',
  `active` tinyint(1) NOT NULL DEFAULT '1',
  `image` varchar(255) COLLATE utf8mb4_unicode_ci DEFAULT NULL,
  `percent` float(10,2) NOT NULL DEFAULT '0.00',
  `created_at` timestamp NULL DEFAULT NULL,
  `updated_at` timestamp NULL DEFAULT NULL,
  PRIMARY KEY (`id`)
) ENGINE=InnoDB AUTO_INCREMENT=20 DEFAULT CHARSET=utf8mb4 COLLATE=utf8mb4_unicode_ci;

-- Dumping data for table badal_plus.categories: ~18 rows (approximately)
INSERT INTO `categories` (`id`, `name_ar`, `name_en`, `parent_id`, `active`, `image`, `percent`, `created_at`, `updated_at`) VALUES
	(1, 'عملة مشفرة', 'Cryptocurrency', 0, 1, '5261676272847.png', 0.00, NULL, '2023-02-13 12:20:47'),
	(2, 'البنوك الماليه الألكترونيه', 'Online banks', 0, 1, '6441676273041.png', 0.00, '2022-09-14 15:17:59', '2023-02-13 12:26:44'),
	(3, 'حسابات التواصل الأجتماعي', 'Social media accounts', 0, 1, '5871676273260.png', 0.00, '2022-09-14 15:18:37', '2023-02-13 12:27:40'),
	(4, 'حسابات الألعاب الأونلاين', 'Online Games accounts', 0, 1, '2531676273336.png', 0.00, '2022-09-14 15:20:01', '2023-02-13 12:28:56'),
	(6, 'BTC', 'BTC', 1, 1, 'btc_512.jpg', 3.00, '2022-09-14 15:47:41', '2022-12-05 16:50:24'),
	(7, 'USDT', 'USDT', 1, 1, 'usdt_512.png', 10.75, '2022-09-14 15:48:32', '2022-12-05 16:52:36'),
	(8, 'إيثريوم', 'Ethereum', 1, 1, 'eth_512.png', 7.50, '2022-09-14 15:49:14', '2022-12-05 16:53:16'),
	(9, 'Skrill', 'Skrill', 2, 1, 'skrill_512.png', 25.00, '2022-09-14 15:49:49', '2022-12-05 16:53:49'),
	(10, 'Perfect money', 'Perfect money', 2, 1, 'pm_512.png', 12.25, '2022-09-14 15:51:53', '2022-12-05 16:54:08'),
	(11, 'Web money', 'Web money', 2, 1, NULL, 11.20, '2022-09-14 15:52:12', '2022-12-05 16:54:24'),
	(12, 'Pioneer', 'Pioneer', 2, 1, 'payoneer_512.png', 0.50, '2022-09-14 15:55:13', '2022-12-05 16:54:43'),
	(13, 'Youtube', 'Youtube', 3, 1, 'yt_512.png', 0.00, '2022-09-14 15:55:41', '2022-09-14 15:55:41'),
	(14, 'Instagram', 'Instagram', 3, 1, 'ig_512.png', 0.00, '2022-09-14 15:56:03', '2022-09-14 15:56:03'),
	(15, 'Tiktok', 'Tiktok', 3, 1, 'tiktok_512.png', 0.00, '2022-09-14 15:56:24', '2022-09-14 15:56:24'),
	(16, 'PUBG MOBILE', 'PUBG MOBILE', 4, 1, NULL, 0.00, '2022-09-14 15:57:00', '2022-09-14 15:57:00'),
	(17, 'league of legends', 'league of legends', 4, 1, NULL, 0.00, '2022-09-14 15:57:18', '2022-09-14 15:57:18'),
	(18, 'Valorent', 'Valorent', 4, 1, NULL, 0.00, '2022-09-14 15:57:40', '2022-09-14 15:57:40'),
	(19, 'Fortnite', 'Fortnite', 4, 1, NULL, 0.00, '2022-09-14 15:57:55', '2022-09-14 15:57:55');

-- Dumping structure for table badal_plus.ch_favorites
CREATE TABLE IF NOT EXISTS `ch_favorites` (
  `id` bigint NOT NULL,
  `user_id` bigint NOT NULL,
  `favorite_id` bigint NOT NULL,
  `created_at` timestamp NULL DEFAULT NULL,
  `updated_at` timestamp NULL DEFAULT NULL,
  PRIMARY KEY (`id`)
) ENGINE=InnoDB DEFAULT CHARSET=utf8mb4 COLLATE=utf8mb4_unicode_ci;

-- Dumping data for table badal_plus.ch_favorites: ~0 rows (approximately)

-- Dumping structure for table badal_plus.ch_messages
CREATE TABLE IF NOT EXISTS `ch_messages` (
  `id` bigint NOT NULL,
  `type` varchar(255) COLLATE utf8mb4_unicode_ci NOT NULL,
  `from_id` bigint NOT NULL,
  `to_id` bigint NOT NULL,
  `body` varchar(5000) COLLATE utf8mb4_unicode_ci DEFAULT NULL,
  `attachment` varchar(255) COLLATE utf8mb4_unicode_ci DEFAULT NULL,
  `seen` tinyint(1) NOT NULL DEFAULT '0',
  `post_id` int NOT NULL,
  `created_at` timestamp NULL DEFAULT NULL,
  `updated_at` timestamp NULL DEFAULT NULL,
  PRIMARY KEY (`id`)
) ENGINE=InnoDB DEFAULT CHARSET=utf8mb4 COLLATE=utf8mb4_unicode_ci;

-- Dumping data for table badal_plus.ch_messages: ~634 rows (approximately)
INSERT INTO `ch_messages` (`id`, `type`, `from_id`, `to_id`, `body`, `attachment`, `seen`, `post_id`, `created_at`, `updated_at`) VALUES
	(-2120130361, 'user', 17, 14, 'Ggh', NULL, 1, 19, '2023-02-13 03:58:50', '2023-02-13 03:59:05'),
	(-2119802438, 'user', 17, 14, 'وصل؟', NULL, 1, 21, '2023-02-13 04:44:24', '2023-02-13 04:44:25'),
	(-2106319000, 'user', 17, 14, 'تمام', NULL, 1, 19, '2023-02-13 04:18:29', '2023-02-13 04:18:30'),
	(-2065370118, 'user', 17, 18, 'hold', NULL, 1, 30, '2023-02-16 05:36:33', '2023-02-16 05:36:42'),
	(-2065055838, 'user', 18, 17, 'Hello', NULL, 1, 29, '2023-02-16 05:33:00', '2023-02-16 05:33:05'),
	(-2053968446, 'user', 18, 17, 'release', NULL, 1, 30, '2023-02-16 05:36:57', '2023-02-16 05:36:58'),
	(-1991625050, 'user', 18, 14, 'Hello', NULL, 1, 26, '2023-02-16 05:20:22', '2023-02-16 05:28:29'),
	(-1978302655, 'user', 1, 18, 'hg', NULL, 1, 24, '2023-02-17 14:09:58', '2023-03-04 16:57:04'),
	(-1963496659, 'user', 14, 18, 'release', NULL, 1, 25, '2023-02-16 05:08:51', '2023-02-16 05:10:04'),
	(-1951582447, 'user', 17, 18, 'Hi', NULL, 1, 29, '2023-02-16 05:35:52', '2023-02-16 05:36:00'),
	(-1941728695, 'user', 18, 17, 'Hello', NULL, 1, 30, '2023-02-16 05:35:47', '2023-02-16 05:36:32'),
	(-1940359916, 'user', 14, 17, 'منين من الامرات', NULL, 1, 19, '2023-02-13 04:17:40', '2023-02-13 04:17:41'),
	(-1927225471, 'user', 14, 17, 'ف انتظارك', NULL, 1, 19, '2023-02-13 04:18:40', '2023-02-13 04:18:41'),
	(-1923333112, 'user', 14, 17, 'release', NULL, 1, 21, '2023-02-13 04:44:58', '2023-02-13 04:50:24'),
	(-1921472903, 'user', 17, 14, 'محتاج', NULL, 1, 19, '2023-02-13 04:17:49', '2023-02-13 04:17:50'),
	(-1918508698, 'user', 14, 18, 'hi', NULL, 1, 24, '2023-02-16 04:58:18', '2023-02-16 04:58:52'),
	(-1910925752, 'user', 1, 18, 'df', NULL, 1, 24, '2023-02-17 14:10:00', '2023-03-04 16:57:04'),
	(-1903408766, 'user', 17, 14, 'hold', NULL, 1, 22, '2023-02-15 10:07:23', '2023-02-15 10:07:24'),
	(-1901481275, 'user', 1, 16, 'a', NULL, 1, 18, '2023-02-13 00:14:53', '2023-02-13 00:16:08'),
	(-1891606258, 'user', 1, 14, 'zero one ahmed t w o', NULL, 1, 18, '2023-02-12 23:48:46', '2023-02-12 23:48:47'),
	(-1868982069, 'user', 17, 14, 'Hi', NULL, 1, 22, '2023-02-15 10:14:20', '2023-02-15 10:14:21'),
	(-1862223676, 'user', 18, 17, 'escrow', NULL, 1, 30, '2023-02-16 05:36:13', '2023-02-16 05:36:32'),
	(-1860758224, 'user', 17, 14, 'متاج تفوافض في السعر لو سمحت', NULL, 1, 19, '2023-02-13 04:17:46', '2023-02-13 04:17:47'),
	(-1829380682, 'user', 17, 14, 'صباح الخير\r\n\\', NULL, 1, 19, '2023-02-13 04:15:39', '2023-02-13 04:16:01'),
	(-1823525541, 'user', 1, 14, 'a', NULL, 1, 18, '2023-02-13 01:17:39', '2023-02-13 03:54:29'),
	(-1803390788, 'user', 17, 14, 'اهلا', NULL, 1, 20, '2023-02-15 00:38:22', '2023-02-15 07:24:56'),
	(-1746157045, 'user', 1, 16, 'hold', NULL, 1, 18, '2023-02-13 00:12:49', '2023-02-13 00:13:10'),
	(-1733355010, 'user', 17, 18, 'Hi', NULL, 1, 29, '2023-02-16 05:33:09', '2023-02-16 05:33:10'),
	(-1732833028, 'user', 14, 18, '1', NULL, 1, 25, '2023-02-16 05:04:49', '2023-02-16 05:05:03'),
	(-1718111787, 'user', 1, 14, 'hi', NULL, 1, 18, '2023-02-12 23:47:39', '2023-02-12 23:47:39'),
	(-1702355357, 'user', 18, 14, 'Email: TEST\r\nPassword: TEST', NULL, 1, 25, '2023-02-16 05:06:49', '2023-02-16 05:06:50'),
	(-1674212058, 'user', 17, 14, 'بحولك الفلوس', NULL, 1, 21, '2023-02-13 04:44:19', '2023-02-13 04:44:25'),
	(-1674113545, 'user', 17, 15, 'Hi', NULL, 0, 28, '2023-02-18 00:29:27', '2023-02-18 00:29:27'),
	(-1667420114, 'user', 18, 14, 'hold', NULL, 1, 25, '2023-02-16 05:07:52', '2023-02-16 05:07:53'),
	(-1629897348, 'user', 14, 17, 'hi do7do7🥰', NULL, 1, 21, '2023-02-13 04:41:53', '2023-02-13 04:41:59'),
	(1682659359, 'user', 2, 1, 'dsa', NULL, 1, 5, '2023-01-30 16:49:20', '2023-01-30 16:49:21'),
	(1683163227, 'user', 1, 2, 's', NULL, 1, 1, '2023-01-02 17:44:45', '2023-01-07 10:07:59'),
	(1684706913, 'user', 1, 2, 'dsa', NULL, 1, 5, '2023-01-30 16:50:18', '2023-01-30 16:50:18'),
	(1684961005, 'user', 1, 2, 'dsa', NULL, 1, 4, '2023-01-28 10:02:02', '2023-01-28 10:02:07'),
	(1686918621, 'user', 1, 2, '2', NULL, 1, 2, '2023-01-02 17:30:06', '2023-01-07 10:07:02'),
	(1688576764, 'user', 2, 1, 'das', NULL, 1, 5, '2023-01-28 11:21:09', '2023-01-28 11:21:10'),
	(1688704551, 'user', 14, 18, 'escrow', NULL, 1, 25, '2023-02-16 05:05:28', '2023-02-16 05:05:30'),
	(1694447842, 'user', 1, 3, 's', NULL, 0, 1, '2023-01-28 10:44:56', '2023-01-28 10:44:56'),
	(1694880206, 'user', 1, 2, '1', NULL, 1, 1, '2022-12-24 10:18:31', '2023-01-07 10:07:59'),
	(1695546737, 'user', 1, 2, 'hjk', NULL, 1, 5, '2023-01-30 17:04:16', '2023-01-30 17:04:33'),
	(1697158874, 'user', 1, 2, '2', NULL, 1, 2, '2022-12-24 09:43:47', '2023-01-07 10:07:02'),
	(1697591902, 'user', 18, 14, 'Hello how can i help you?', NULL, 1, 24, '2023-02-16 04:59:04', '2023-02-16 04:59:05'),
	(1699437822, 'user', 1, 2, 'www', NULL, 1, 2, '2022-12-31 09:59:33', '2023-01-07 10:07:02'),
	(1700413076, 'user', 2, 1, 'hold', NULL, 1, 4, '2023-01-31 15:14:15', '2023-01-31 15:15:37'),
	(1701549328, 'user', 2, 1, 'sa', NULL, 1, 1, '2022-12-31 10:29:56', '2023-01-07 07:57:05'),
	(1701582132, 'user', 1, 2, 'starting escrow', NULL, 1, 5, '2023-01-28 12:34:42', '2023-01-28 12:34:43'),
	(1702282989, 'user', 1, 2, '1', NULL, 1, 1, '2022-12-24 11:04:33', '2023-01-07 10:07:59'),
	(1705343595, 'user', 1, 3, 'dsa', NULL, 0, 1, '2023-01-28 10:50:19', '2023-01-28 10:50:19'),
	(1705876393, 'user', 1, 2, '2', NULL, 1, 2, '2022-12-24 10:24:47', '2023-01-07 10:07:02'),
	(1706008443, 'user', 2, 1, 'sa', NULL, 1, 4, '2023-01-28 11:15:27', '2023-01-28 11:15:28'),
	(1707278168, 'user', 14, 17, 'escrow', NULL, 1, 22, '2023-02-15 10:06:50', '2023-02-15 10:07:10'),
	(1711981005, 'user', 2, 1, 'sa', NULL, 1, 4, '2023-01-30 16:45:27', '2023-01-30 16:45:28'),
	(1712657818, 'user', 1, 2, ',,,', NULL, 1, 5, '2023-01-30 17:04:56', '2023-01-30 17:04:59'),
	(1713084200, 'user', 1, 2, 'das', NULL, 1, 4, '2023-01-28 09:56:57', '2023-01-28 09:56:59'),
	(1718145959, 'user', 2, 1, 's', NULL, 1, 4, '2023-01-28 10:59:08', '2023-01-28 10:59:09'),
	(1723969811, 'user', 2, 1, 'elaas', NULL, 1, 2, '2023-01-02 17:26:44', '2023-01-07 07:57:08'),
	(1724170248, 'user', 2, 1, 'يسش', NULL, 1, 4, '2023-01-28 12:42:51', '2023-01-28 12:42:58'),
	(1724314326, 'user', 1, 2, '', NULL, 1, 5, '2023-01-28 11:30:52', '2023-01-28 11:31:08'),
	(1727604112, 'user', 1, 2, '1', NULL, 1, 1, '2022-12-31 09:58:37', '2023-01-07 10:07:59'),
	(1732029561, 'user', 1, 2, 'hi', NULL, 1, 5, '2023-01-10 16:36:34', '2023-01-28 07:18:50'),
	(1732150748, 'user', 2, 1, 'hold', NULL, 1, 4, '2023-01-31 15:12:58', '2023-01-31 15:12:59'),
	(1735064129, 'user', 1, 2, 'escrow', NULL, 1, 4, '2023-01-30 17:28:56', '2023-01-30 17:32:02'),
	(1736280219, 'user', 2, 1, 'dsa', NULL, 1, 5, '2023-01-28 12:09:29', '2023-01-28 12:09:30'),
	(1738207765, 'user', 2, 1, '2', NULL, 1, 2, '2022-12-31 10:21:34', '2023-01-07 07:57:08'),
	(1738752342, 'user', 2, 11, 'sa', NULL, 1, 4, '2023-01-28 09:53:35', '2023-01-28 09:53:36'),
	(1742505478, 'user', 14, 17, 'اخر الكلام والله يا صحبي', NULL, 1, 19, '2023-02-13 04:18:14', '2023-02-13 04:18:15'),
	(1743874662, 'user', 2, 1, 'sa', NULL, 1, 2, '2023-01-31 17:22:08', '2023-01-31 17:25:06'),
	(1743915864, 'user', 1, 2, 'dsa', NULL, 1, 15, '2023-02-06 19:01:42', '2023-02-06 19:01:58'),
	(1746531641, 'user', 1, 2, 'as', NULL, 1, 5, '2023-01-28 11:16:42', '2023-01-28 11:16:43'),
	(1749613558, 'user', 1, 2, 'escrow', NULL, 1, 5, '2023-01-30 17:01:12', '2023-01-30 17:01:16'),
	(1753718090, 'user', 2, 1, 'tyujkl;&#039;', NULL, 1, 4, '2023-01-28 15:59:09', '2023-01-28 15:59:18'),
	(1754054932, 'user', 1, 2, '1', NULL, 1, 1, '2022-12-31 10:34:33', '2023-01-07 10:07:59'),
	(1754127215, 'user', 1, 2, '1', NULL, 1, 1, '2022-12-31 09:32:40', '2023-01-07 10:07:59'),
	(1754427507, 'user', 2, 1, 'dsa', NULL, 1, 4, '2023-01-30 16:47:31', '2023-01-30 16:47:32'),
	(1754472039, 'user', 1, 2, 'sa', NULL, 1, 5, '2023-01-28 11:39:08', '2023-01-28 11:39:09'),
	(1757868881, 'user', 1, 2, 'das', NULL, 1, 5, '2023-01-28 11:08:32', '2023-01-28 11:08:36'),
	(1758451925, 'user', 1, 2, 'd', NULL, 1, 4, '2023-01-28 11:00:46', '2023-01-28 11:00:50'),
	(1759174298, 'user', 1, 2, 'سليمان محمد بوست 2', NULL, 1, 2, '2023-01-02 18:17:05', '2023-01-07 10:07:02'),
	(1764013317, 'user', 2, 1, 'dsa', NULL, 1, 5, '2023-01-30 17:01:21', '2023-01-30 17:01:23'),
	(1765603720, 'user', 1, 2, 'dsa', NULL, 1, 5, '2023-01-30 17:01:25', '2023-01-30 17:01:26'),
	(1772568628, 'user', 2, 1, 'd', NULL, 1, 4, '2023-01-28 11:06:33', '2023-01-28 11:06:41'),
	(1772679049, 'user', 2, 1, 'sa', NULL, 1, 5, '2023-01-31 16:45:39', '2023-01-31 16:45:45'),
	(1774343315, 'user', 1, 2, 'a', NULL, 1, 1, '2023-01-28 08:05:16', '2023-01-28 08:05:17'),
	(1775699925, 'user', 2, 1, 'يسش', NULL, 1, 1, '2023-01-28 07:43:39', '2023-01-28 07:43:40'),
	(1777587807, 'user', 1, 2, 'das', NULL, 1, 1, '2023-01-28 08:50:04', '2023-01-28 08:50:05'),
	(1778572969, 'user', 1, 2, '1', NULL, 1, 1, '2022-12-31 10:21:50', '2023-01-07 10:07:59'),
	(1783421394, 'user', 2, 1, 'يشس', NULL, 1, 4, '2023-01-28 12:43:14', '2023-01-28 12:43:15'),
	(1784509684, 'user', 2, 1, 'hold', NULL, 1, 4, '2023-01-31 15:02:10', '2023-01-31 15:02:12'),
	(1784672910, 'user', 2, 1, 'aa', NULL, 1, 1, '2023-01-31 17:22:12', '2023-01-31 17:27:13'),
	(1788276210, 'user', 14, 17, 'اه', NULL, 1, 21, '2023-02-13 04:44:32', '2023-02-13 04:44:33'),
	(1788419566, 'user', 11, 2, 'dsa', NULL, 1, 4, '2023-01-28 09:52:17', '2023-01-28 09:52:31'),
	(1791397039, 'user', 1, 2, 'post 2', NULL, 1, 2, '2022-12-31 09:44:31', '2023-01-07 10:07:02'),
	(1793538126, 'user', 1, 2, 'starting escrow', NULL, 1, 5, '2023-01-28 12:08:51', '2023-01-28 12:09:20'),
	(1798124021, 'user', 2, 11, 'llll', NULL, 1, 4, '2023-01-28 09:35:40', '2023-01-28 09:35:41'),
	(1798562138, 'user', 1, 2, 'escrow', NULL, 1, 5, '2023-01-30 16:54:56', '2023-01-30 16:55:01'),
	(1800960414, 'user', 1, 2, 'das', NULL, 1, 1, '2022-12-24 10:46:51', '2023-01-07 10:07:59'),
	(1802549310, 'user', 1, 2, 'dsa', NULL, 1, 5, '2023-01-30 16:49:12', '2023-01-30 16:49:17'),
	(1803550260, 'user', 1, 2, 's', NULL, 1, 2, '2022-12-31 09:43:09', '2023-01-07 10:07:02'),
	(1804377492, 'user', 1, 2, 'sa', NULL, 1, 5, '2023-01-30 17:13:57', '2023-01-30 17:14:09'),
	(1806801350, 'user', 1, 2, 'release', NULL, 1, 5, '2023-01-31 16:43:52', '2023-01-31 16:43:58'),
	(1807045076, 'user', 1, 2, 's', NULL, 1, 4, '2023-01-28 10:05:37', '2023-01-28 10:40:57'),
	(1808797995, 'user', 1, 2, 'kkk', NULL, 1, 5, '2023-01-30 17:06:48', '2023-01-30 17:06:49'),
	(1810824634, 'user', 1, 2, 'aaa', NULL, 1, 1, '2022-12-24 10:28:02', '2023-01-07 10:07:59'),
	(1814449346, 'user', 2, 1, 'escrow', NULL, 1, 4, '2023-01-30 16:47:24', '2023-01-30 16:47:26'),
	(1815011272, 'user', 2, 11, 'ds', NULL, 1, 4, '2023-01-28 09:44:27', '2023-01-28 09:44:29'),
	(1818522392, 'user', 2, 1, 's', NULL, 1, 4, '2023-01-28 11:00:51', '2023-01-28 11:00:52'),
	(1823132887, 'user', 1, 2, '111', NULL, 1, 1, '2022-12-24 11:12:45', '2023-01-07 10:07:59'),
	(1823562896, 'user', 1, 2, 'sa', NULL, 1, 5, '2023-01-28 11:16:54', '2023-01-28 11:17:07'),
	(1823829837, 'user', 1, 2, 'as', NULL, 1, 2, '2023-01-31 17:27:09', '2023-01-31 17:27:28'),
	(1824316373, 'user', 1, 2, 'dsadas', NULL, 1, 1, '2022-12-24 10:49:02', '2023-01-07 10:07:59'),
	(1824432670, 'user', 14, 17, 'لو حابب تنفز اضغط علي سكرو', NULL, 1, 19, '2023-02-13 04:18:22', '2023-02-13 04:18:23'),
	(1826105924, 'user', 1, 2, '2', NULL, 1, 2, '2022-12-31 09:56:04', '2023-01-07 10:07:02'),
	(1826427143, 'user', 1, 3, 'dsa', NULL, 0, 1, '2023-01-28 10:50:14', '2023-01-28 10:50:14'),
	(1826997141, 'user', 2, 1, 'asd', NULL, 1, 5, '2023-01-30 16:55:04', '2023-01-30 16:55:12'),
	(1829584858, 'user', 1, 2, 'w', NULL, 1, 2, '2022-12-31 10:00:19', '2023-01-07 10:07:02'),
	(1830414674, 'user', 1, 3, 'هلا والله', NULL, 0, 1, '2023-01-02 18:34:48', '2023-01-02 18:34:48'),
	(1831416925, 'user', 2, 1, 'hold', NULL, 1, 15, '2023-02-06 19:03:02', '2023-02-06 19:03:08'),
	(1831908974, 'user', 1, 2, 'as', NULL, 1, 2, '2023-01-31 17:27:06', '2023-01-31 17:27:28'),
	(1835496384, 'user', 1, 2, 'post 1', NULL, 1, 1, '2022-12-24 10:27:42', '2023-01-07 10:07:59'),
	(1837369690, 'user', 1, 2, 'بسم الله', NULL, 1, 5, '2023-01-10 16:36:56', '2023-01-28 07:18:50'),
	(1837515617, 'user', 1, 2, ',b dh ,b ?', NULL, 1, 1, '2023-01-02 17:47:56', '2023-01-07 10:07:59'),
	(1838219528, 'user', 2, 1, '22', NULL, 1, 2, '2022-12-31 10:21:20', '2023-01-07 07:57:08'),
	(1838971754, 'user', 2, 1, '2', NULL, 1, 2, '2022-12-24 10:23:50', '2023-01-07 07:57:08'),
	(1840890882, 'user', 1, 2, 'ds', NULL, 1, 4, '2023-01-30 16:42:08', '2023-01-30 16:42:12'),
	(1844102771, 'user', 1, 3, 'd', NULL, 0, 2, '2023-01-28 11:02:37', '2023-01-28 11:02:37'),
	(1844693063, 'user', 2, 1, 'hey', NULL, 0, 14, '2023-03-09 08:07:02', '2023-03-09 08:07:02'),
	(1846081023, 'user', 2, 1, 'dsa', NULL, 1, 5, '2023-01-30 16:56:56', '2023-01-30 16:56:57'),
	(1847504181, 'user', 2, 1, 'escrow', NULL, 1, 1, '2023-01-31 17:22:26', '2023-01-31 17:27:13'),
	(1848302624, 'user', 2, 1, 'post 1', NULL, 1, 1, '2022-12-31 09:37:29', '2023-01-07 07:57:05'),
	(1848373650, 'user', 1, 2, 'starting escrow', NULL, 1, 5, '2023-01-28 12:33:04', '2023-01-28 12:33:05'),
	(1848394699, 'user', 1, 2, 'post2', NULL, 1, 2, '2022-12-24 09:07:47', '2023-01-07 10:07:02'),
	(1850658481, 'user', 2, 1, '1', NULL, 1, 1, '2022-12-24 09:43:26', '2023-01-07 07:57:05'),
	(1851537023, 'user', 1, 3, 'das', NULL, 0, 1, '2023-01-28 10:49:39', '2023-01-28 10:49:39'),
	(1852427262, 'user', 1, 2, 's', NULL, 1, 15, '2023-02-06 19:02:15', '2023-02-06 19:02:16'),
	(1852973842, 'user', 1, 2, '2', NULL, 1, 2, '2022-12-24 10:24:32', '2023-01-07 10:07:02'),
	(1855995609, 'user', 1, 3, '2', NULL, 0, 2, '2023-01-02 18:15:36', '2023-01-02 18:15:36'),
	(1856793587, 'user', 1, 2, 'here', NULL, 1, 5, '2023-01-28 11:33:17', '2023-01-28 11:33:21'),
	(1857227178, 'user', 14, 17, 'تشرفنا', NULL, 1, 19, '2023-02-13 04:17:44', '2023-02-13 04:17:45'),
	(1859379820, 'user', 1, 2, 'asd', NULL, 1, 2, '2022-12-24 10:37:20', '2023-01-07 10:07:02'),
	(1859866509, 'user', 1, 2, 'das', NULL, 1, 2, '2023-01-28 10:52:32', '2023-01-28 10:58:23'),
	(1861133149, 'user', 1, 2, '1', NULL, 1, 1, '2022-12-24 10:26:03', '2023-01-07 10:07:59'),
	(1862895307, 'user', 2, 1, 'adasdas', NULL, 1, 2, '2022-12-31 09:59:16', '2023-01-07 07:57:08'),
	(1862896188, 'user', 2, 1, '1', NULL, 1, 1, '2022-12-24 10:12:49', '2023-01-07 07:57:05'),
	(1863598958, 'user', 1, 2, 's', NULL, 1, 4, '2023-01-28 11:06:43', '2023-01-28 11:06:45'),
	(1865684615, 'user', 1, 2, 'd', NULL, 1, 1, '2023-01-28 08:15:29', '2023-01-28 08:15:33'),
	(1869629155, 'user', 1, 2, 'dsadsa', NULL, 1, 2, '2023-01-02 17:27:05', '2023-01-07 10:07:02'),
	(1870828928, 'user', 1, 2, 'das', NULL, 1, 5, '2023-01-28 09:10:26', '2023-01-28 09:10:40'),
	(1871049217, 'user', 1, 2, 'starting escrow', NULL, 1, 5, '2023-01-28 11:40:43', '2023-01-28 11:40:57'),
	(1871070588, 'user', 1, 2, 'saddas', NULL, 1, 14, '2023-02-06 19:01:02', '2023-02-06 19:01:12'),
	(1872464606, 'user', 1, 3, 'dsa', NULL, 0, 2, '2023-01-28 10:54:05', '2023-01-28 10:54:05'),
	(1874237807, 'user', 2, 1, 'jj', NULL, 1, 5, '2023-01-30 17:06:16', '2023-01-30 17:06:20'),
	(1878213274, 'user', 2, 1, 'sad', NULL, 1, 2, '2022-12-24 11:35:33', '2023-01-07 07:57:08'),
	(1879285434, 'user', 1, 2, 'sa', NULL, 1, 5, '2023-01-28 11:07:13', '2023-01-28 11:07:26'),
	(1881069913, 'user', 1, 2, 'starting escrow', NULL, 1, 5, '2023-01-28 11:39:11', '2023-01-28 11:39:12'),
	(1881670382, 'user', 1, 3, 'd', NULL, 0, 2, '2023-01-28 11:05:35', '2023-01-28 11:05:35'),
	(1882073243, 'user', 1, 2, 'fds', NULL, 1, 1, '2023-01-28 10:40:30', '2023-01-28 10:50:36'),
	(1882586920, 'user', 1, 2, 'hold', NULL, 1, 2, '2023-01-31 17:25:41', '2023-01-31 17:27:28'),
	(1883284471, 'user', 1, 3, 'a', NULL, 0, 2, '2023-01-28 11:02:42', '2023-01-28 11:02:42'),
	(1884115782, 'user', 2, 1, 'wlw', NULL, 1, 1, '2022-12-31 10:20:24', '2023-01-07 07:57:05'),
	(1887567969, 'user', 1, 2, 'dsa', NULL, 1, 2, '2022-12-24 11:35:29', '2023-01-07 10:07:02'),
	(1887671672, 'user', 2, 1, 'سسسسسسس', NULL, 1, 1, '2023-01-28 07:43:56', '2023-01-28 07:43:57'),
	(1888610045, 'user', 2, 1, '2', NULL, 1, 2, '2022-12-24 11:34:37', '2023-01-07 07:57:08'),
	(1888938856, 'user', 1, 2, 'w', NULL, 1, 1, '2023-01-02 19:05:45', '2023-01-07 10:07:59'),
	(1889814335, 'user', 1, 2, '1', NULL, 1, 1, '2022-12-24 09:43:41', '2023-01-07 10:07:59'),
	(1891384511, 'user', 17, 14, 'هضغط', NULL, 1, 19, '2023-02-13 04:18:32', '2023-02-13 04:18:33'),
	(1893478416, 'user', 16, 1, 'escrow', NULL, 1, 18, '2023-02-13 00:12:30', '2023-02-13 00:12:34'),
	(1896593956, 'user', 2, 1, 'sa', NULL, 1, 1, '2023-01-02 17:54:20', '2023-01-07 07:57:05'),
	(1897430822, 'user', 2, 1, 'يشس', NULL, 1, 2, '2022-12-31 09:32:23', '2023-01-07 07:57:08'),
	(1898247089, 'user', 1, 2, 'ss', NULL, 1, 5, '2023-01-30 16:55:25', '2023-01-30 16:55:28'),
	(1903500198, 'user', 14, 17, 'escrow', NULL, 1, 21, '2023-02-13 04:42:10', '2023-02-13 04:42:10'),
	(1903637254, 'user', 2, 1, 'hold', NULL, 1, 14, '2023-02-06 19:05:46', '2023-02-06 19:05:50'),
	(1905347232, 'user', 2, 1, 'das', NULL, 1, 2, '2022-12-24 11:39:35', '2023-01-07 07:57:08'),
	(1905857299, 'user', 1, 3, 'das', NULL, 0, 2, '2023-01-28 11:04:24', '2023-01-28 11:04:24'),
	(1906015005, 'user', 1, 2, 'بسم الله 1', NULL, 1, 1, '2022-12-31 09:54:17', '2023-01-07 10:07:59'),
	(1906521282, 'user', 2, 1, '2', NULL, 1, 2, '2022-12-31 09:54:38', '2023-01-07 07:57:08'),
	(1908350902, 'user', 1, 2, '1', NULL, 1, 1, '2022-12-31 10:20:51', '2023-01-07 10:07:59'),
	(1909267802, 'user', 2, 1, '2', NULL, 1, 2, '2022-12-24 10:18:08', '2023-01-07 07:57:08'),
	(1910110211, 'user', 1, 2, 'dasd', NULL, 1, 2, '2022-12-31 09:59:23', '2023-01-07 10:07:02'),
	(1910270642, 'user', 1, 2, 'das', NULL, 1, 2, '2022-12-24 10:37:17', '2023-01-07 10:07:02'),
	(1912028870, 'user', 11, 2, 'dsa', NULL, 1, 4, '2023-01-28 09:53:30', '2023-01-28 09:53:34'),
	(1913387447, 'user', 1, 2, 'as', NULL, 1, 5, '2023-01-30 16:58:37', '2023-01-30 16:58:38'),
	(1914196258, 'user', 1, 2, 'dasd', NULL, 1, 1, '2022-12-24 11:39:25', '2023-01-07 10:07:59'),
	(1915334714, 'user', 1, 2, 'post 2', NULL, 1, 2, '2022-12-31 09:56:07', '2023-01-07 10:07:02'),
	(1917974877, 'user', 1, 2, 's', NULL, 1, 1, '2023-01-02 17:44:24', '2023-01-07 10:07:59'),
	(1918111881, 'user', 1, 2, 'dsa', NULL, 1, 1, '2022-12-31 09:04:32', '2023-01-07 10:07:59'),
	(1919726902, 'user', 2, 1, 'hold', NULL, 1, 4, '2023-01-31 15:16:42', '2023-01-31 15:17:51'),
	(1920813729, 'user', 1, 2, 'post 2', NULL, 1, 2, '2022-12-31 10:23:04', '2023-01-07 10:07:02'),
	(1922435273, 'user', 1, 2, '2', NULL, 1, 2, '2022-12-31 09:04:56', '2023-01-07 10:07:02'),
	(1925587406, 'user', 1, 2, '', NULL, 1, 5, '2023-01-28 11:29:02', '2023-01-28 11:29:14'),
	(1931051452, 'user', 11, 2, 'dsa', NULL, 1, 4, '2023-01-28 09:40:22', '2023-01-28 09:40:28'),
	(1933715000, 'user', 1, 2, 'escrow', NULL, 1, 5, '2023-01-30 16:40:22', '2023-01-30 16:41:42'),
	(1934172860, 'user', 1, 2, 'q', NULL, 1, 1, '2022-12-31 09:59:58', '2023-01-07 10:07:59'),
	(1934970699, 'user', 1, 2, 'post1', NULL, 1, 1, '2022-12-24 11:16:14', '2023-01-07 10:07:59'),
	(1936010154, 'user', 1, 2, 'dsa', NULL, 1, 4, '2023-01-28 15:54:16', '2023-01-28 15:54:28'),
	(1937338729, 'user', 1, 2, 'dsa', NULL, 1, 4, '2023-01-30 16:47:38', '2023-01-30 16:47:39'),
	(1938162594, 'user', 2, 1, 'dasda', NULL, 1, 1, '2023-01-07 10:08:01', '2023-01-07 10:08:14'),
	(1941876162, 'user', 1, 2, 'fsdf', NULL, 1, 1, '2023-01-28 09:09:54', '2023-01-28 09:10:01'),
	(1942128735, 'user', 1, 2, 'escrow', NULL, 1, 5, '2023-01-30 16:52:06', '2023-01-30 16:52:08'),
	(1942146252, 'user', 1, 2, 'd', NULL, 1, 2, '2023-01-07 07:57:12', '2023-01-07 10:07:02'),
	(1945167299, 'user', 1, 2, '2', NULL, 1, 2, '2022-12-31 10:30:39', '2023-01-07 10:07:02'),
	(1945364559, 'user', 2, 1, '2', NULL, 1, 2, '2022-12-31 10:22:54', '2023-01-07 07:57:08'),
	(1945919478, 'user', 1, 2, 'dasdasd', NULL, 1, 2, '2022-12-31 09:59:26', '2023-01-07 10:07:02'),
	(1946564331, 'user', 14, 1, 'hi mr,soliman', NULL, 1, 18, '2023-02-12 23:47:31', '2023-02-12 23:47:35'),
	(1947625422, 'user', 1, 2, 'wla', NULL, 1, 1, '2022-12-24 10:28:08', '2023-01-07 10:07:59'),
	(1955225245, 'user', 1, 2, 'ss', NULL, 1, 1, '2023-01-28 08:05:01', '2023-01-28 08:05:02'),
	(1957687697, 'user', 1, 2, 'sa', NULL, 1, 1, '2022-12-31 09:04:49', '2023-01-07 10:07:59'),
	(1958464573, 'user', 1, 2, 'da', NULL, 1, 1, '2022-12-24 11:01:23', '2023-01-07 10:07:59'),
	(1958840039, 'user', 1, 2, 'here', NULL, 1, 5, '2023-01-28 11:34:22', '2023-01-28 11:34:23'),
	(1959316741, 'user', 1, 2, 'escrow', NULL, 1, 5, '2023-01-30 17:07:45', '2023-01-30 17:07:46'),
	(1959364354, 'user', 2, 1, 'يشسيشس', NULL, 1, 1, '2022-12-31 09:32:14', '2023-01-07 07:57:05'),
	(1960975562, 'user', 2, 1, 'post 1', NULL, 1, 1, '2022-12-31 09:44:58', '2023-01-07 07:57:05'),
	(1962963107, 'user', 15, 17, 'hi', NULL, 1, 29, '2023-02-17 00:54:50', '2023-02-20 20:46:27'),
	(1966049842, 'user', 1, 2, '2', NULL, 1, 2, '2022-12-24 09:35:04', '2023-01-07 10:07:02'),
	(1970261860, 'user', 1, 2, 'jj', NULL, 1, 5, '2023-01-30 17:06:03', '2023-01-30 17:06:14'),
	(1971866195, 'user', 2, 1, '1', NULL, 1, 1, '2022-12-24 09:38:16', '2023-01-07 07:57:05'),
	(1971976484, 'user', 1, 2, '1', NULL, 1, 2, '2022-12-31 09:36:34', '2023-01-07 10:07:02'),
	(1974361425, 'user', 18, 14, 'Hello', NULL, 1, 25, '2023-02-16 05:05:09', '2023-02-16 05:05:10'),
	(1975752886, 'user', 1, 2, 'dsa', NULL, 1, 5, '2023-01-30 16:50:33', '2023-01-30 16:50:35'),
	(1979821674, 'user', 2, 1, 'ds', NULL, 1, 4, '2023-01-30 17:49:09', '2023-01-30 17:49:10'),
	(1982245013, 'user', 1, 2, 'das', NULL, 1, 5, '2023-01-28 11:16:34', '2023-01-28 11:16:36'),
	(1982423221, 'user', 2, 1, 'sdfghj', NULL, 1, 2, '2023-01-02 17:22:29', '2023-01-07 07:57:08'),
	(1983453009, 'user', 1, 2, 'lol 1', NULL, 1, 1, '2022-12-31 10:29:01', '2023-01-07 10:07:59'),
	(1986965271, 'user', 2, 1, 'post 2', NULL, 1, 2, '2022-12-31 09:45:26', '2023-01-07 07:57:08'),
	(1987120410, 'user', 1, 2, 'sas', NULL, 1, 2, '2022-12-31 10:29:46', '2023-01-07 10:07:02'),
	(1990005938, 'user', 2, 1, 'das', NULL, 1, 5, '2023-01-28 11:08:38', '2023-01-28 11:08:42'),
	(1990940550, 'user', 17, 14, 'hold', NULL, 1, 21, '2023-02-13 04:44:33', '2023-02-13 04:44:34'),
	(1991824737, 'user', 1, 14, 'dssd', NULL, 1, 18, '2023-02-12 23:47:59', '2023-02-12 23:48:07'),
	(1994708606, 'user', 11, 2, 'das', NULL, 1, 5, '2023-01-28 09:22:47', '2023-01-28 09:23:05'),
	(1997127962, 'user', 1, 2, 'asd', NULL, 1, 1, '2022-12-24 10:27:53', '2023-01-07 10:07:59'),
	(1997665603, 'user', 2, 1, 'fds', NULL, 1, 2, '2023-01-07 10:07:33', '2023-01-07 10:07:45'),
	(1998975608, 'user', 1, 2, 'sa', NULL, 1, 1, '2023-01-28 08:13:54', '2023-01-28 08:13:55'),
	(1999717477, 'user', 1, 2, 'asdasd', NULL, 1, 2, '2022-12-31 09:59:28', '2023-01-07 10:07:02'),
	(2004201515, 'user', 1, 2, 'post 1', NULL, 1, 2, '2022-12-31 09:02:42', '2023-01-07 10:07:02'),
	(2005717174, 'user', 2, 1, 'dsa', NULL, 1, 15, '2023-02-06 19:02:02', '2023-02-06 19:02:11'),
	(2006281380, 'user', 1, 3, '2', NULL, 0, 2, '2023-01-02 18:16:08', '2023-01-02 18:16:08'),
	(2008655146, 'user', 2, 1, 'a', NULL, 1, 1, '2023-01-02 17:54:17', '2023-01-07 07:57:05'),
	(2008706602, 'user', 2, 1, '1', NULL, 1, 1, '2022-12-31 10:34:21', '2023-01-07 07:57:05'),
	(2010539419, 'user', 1, 2, 'a', NULL, 1, 5, '2023-01-28 11:29:41', '2023-01-28 11:29:43'),
	(2010668702, 'user', 2, 1, 'as', NULL, 1, 2, '2023-01-31 17:30:02', '2023-01-31 17:30:08'),
	(2011960938, 'user', 1, 2, 's', NULL, 1, 5, '2023-01-30 16:55:33', '2023-01-30 16:55:36'),
	(2012499037, 'user', 1, 2, 'بسم الله', NULL, 1, 1, '2023-01-28 07:12:26', '2023-01-28 07:19:09'),
	(2017262415, 'user', 1, 2, 'kkk', NULL, 1, 5, '2023-01-30 17:04:47', '2023-01-30 17:04:49'),
	(2017704166, 'user', 2, 1, 'dsa', NULL, 1, 1, '2023-01-02 17:54:22', '2023-01-07 07:57:05'),
	(2017780161, 'user', 1, 2, 'dasdaqw', NULL, 1, 1, '2022-12-24 11:04:31', '2023-01-07 10:07:59'),
	(2018458269, 'user', 1, 2, 's', NULL, 1, 1, '2023-01-28 10:52:03', '2023-01-28 10:52:07'),
	(2019097293, 'user', 1, 2, '2', NULL, 1, 2, '2022-12-31 10:34:14', '2023-01-07 10:07:02'),
	(2020398822, 'user', 1, 2, 'شس', NULL, 1, 5, '2023-01-28 12:42:42', '2023-01-28 12:42:43'),
	(2021648525, 'user', 14, 17, 'للل', NULL, 1, 21, '2023-02-13 04:45:29', '2023-02-13 04:50:24'),
	(2022980511, 'user', 2, 1, 's', NULL, 1, 5, '2023-01-30 17:08:56', '2023-01-30 17:08:57'),
	(2023273808, 'user', 1, 2, 's', NULL, 1, 1, '2022-12-31 10:29:40', '2023-01-07 10:07:59'),
	(2023585502, 'user', 2, 1, 'd', NULL, 1, 5, '2023-01-30 16:52:15', '2023-01-30 16:52:40'),
	(2024769347, 'user', 1, 2, 'here', NULL, 1, 5, '2023-01-28 11:34:29', '2023-01-28 11:34:30'),
	(2027444233, 'user', 2, 1, 'a7a', NULL, 1, 4, '2023-01-28 16:18:05', '2023-01-30 16:41:03'),
	(2027927319, 'user', 2, 11, 'j', NULL, 1, 4, '2023-01-28 09:27:34', '2023-01-28 09:27:35'),
	(2029833543, 'user', 1, 2, 'asdasd', NULL, 1, 2, '2022-12-31 09:59:31', '2023-01-07 10:07:02'),
	(2035993320, 'user', 2, 1, '1', NULL, 1, 1, '2022-12-31 09:31:32', '2023-01-07 07:57:05'),
	(2038746612, 'user', 1, 2, 's', NULL, 1, 5, '2023-01-28 07:17:45', '2023-01-28 07:18:50'),
	(2038908388, 'user', 1, 2, 'اه والله', NULL, 1, 2, '2022-12-24 10:53:01', '2023-01-07 10:07:02'),
	(2039976139, 'user', 2, 1, 'hh', NULL, 1, 5, '2023-01-28 12:30:54', '2023-01-28 12:30:55'),
	(2041767976, 'user', 2, 1, ',b b,', NULL, 1, 2, '2023-01-31 17:27:40', '2023-01-31 17:27:58'),
	(2042817047, 'user', 11, 2, 'das', NULL, 1, 4, '2023-01-28 09:46:54', '2023-01-28 09:46:55'),
	(2043568324, 'user', 2, 1, 'das', NULL, 1, 4, '2023-01-28 11:15:19', '2023-01-28 11:15:25'),
	(2044957365, 'user', 2, 1, 's', NULL, 1, 1, '2023-01-28 08:09:40', '2023-01-28 08:09:42'),
	(2047869861, 'user', 2, 1, '1', NULL, 1, 1, '2022-12-31 09:54:44', '2023-01-07 07:57:05'),
	(2048917331, 'user', 2, 1, 'das', NULL, 1, 2, '2023-01-31 17:27:51', '2023-01-31 17:27:58'),
	(2051039123, 'user', 1, 2, 'dsa', NULL, 1, 4, '2023-01-28 16:15:32', '2023-01-30 16:41:36'),
	(2052029333, 'user', 1, 2, '2', NULL, 1, 2, '2022-12-24 10:52:30', '2023-01-07 10:07:02'),
	(2052871750, 'user', 2, 11, 'd', NULL, 1, 4, '2023-01-28 09:36:16', '2023-01-28 09:36:17'),
	(2053554263, 'user', 2, 1, 'asd', NULL, 1, 1, '2023-01-28 09:54:49', '2023-01-28 09:54:49'),
	(2059656377, 'user', 1, 2, '1', NULL, 1, 1, '2022-12-31 09:55:55', '2023-01-07 10:07:59'),
	(2060323603, 'user', 2, 1, 'ads', NULL, 1, 4, '2023-01-28 15:57:30', '2023-01-28 15:59:18'),
	(2062440748, 'user', 2, 1, 'dsa', NULL, 1, 2, '2023-01-07 10:07:40', '2023-01-07 10:07:45'),
	(2062528719, 'user', 1, 2, 's', NULL, 1, 14, '2023-02-12 23:46:39', '2023-03-04 17:04:43'),
	(2064784743, 'user', 1, 3, 'd', NULL, 0, 2, '2023-01-28 10:57:27', '2023-01-28 10:57:27'),
	(2066670072, 'user', 1, 2, '2', NULL, 1, 2, '2022-12-31 10:28:40', '2023-01-07 10:07:02'),
	(2067474046, 'user', 1, 3, 'd', NULL, 0, 2, '2023-01-28 11:04:02', '2023-01-28 11:04:02'),
	(2068915853, 'user', 1, 2, 'dsa', NULL, 1, 4, '2023-01-28 13:55:59', '2023-01-28 13:56:07'),
	(2070345446, 'user', 1, 2, 'dsa', NULL, 1, 14, '2023-02-06 19:01:52', '2023-02-06 19:01:53'),
	(2070525679, 'user', 2, 1, 'dsa', NULL, 1, 4, '2023-01-28 13:56:40', '2023-01-28 13:56:41'),
	(2071428951, 'user', 1, 2, '2', NULL, 1, 2, '2022-12-24 11:04:38', '2023-01-07 10:07:02'),
	(2073896864, 'user', 2, 1, '1', NULL, 1, 1, '2023-01-02 17:30:13', '2023-01-07 07:57:05'),
	(2077287806, 'user', 2, 11, 'dsa', NULL, 1, 4, '2023-01-28 09:40:12', '2023-01-28 09:40:14'),
	(2080092460, 'user', 2, 1, '2', NULL, 1, 2, '2022-12-31 09:32:26', '2023-01-07 07:57:08'),
	(2080340770, 'user', 11, 2, 'ds', NULL, 1, 4, '2023-01-28 09:45:28', '2023-01-28 09:45:40'),
	(2080935300, 'user', 1, 2, 'post 1', NULL, 1, 1, '2022-12-31 10:27:23', '2023-01-07 10:07:59'),
	(2082637506, 'user', 1, 2, 'escrow', NULL, 1, 14, '2023-02-06 19:05:35', '2023-02-06 19:05:39'),
	(2083553181, 'user', 2, 1, 'sa', NULL, 1, 1, '2023-01-28 09:10:15', '2023-01-28 09:10:16'),
	(2083570848, 'user', 2, 1, 'شسي', NULL, 1, 1, '2023-01-28 07:24:26', '2023-01-28 07:24:31'),
	(2083586619, 'user', 1, 2, '', NULL, 1, 5, '2023-01-28 11:30:57', '2023-01-28 11:31:08'),
	(2084628971, 'user', 1, 2, 'asd', NULL, 1, 4, '2023-01-28 13:56:14', '2023-01-28 13:56:18'),
	(2085093614, 'user', 2, 1, 'escrow', NULL, 1, 1, '2023-01-31 17:22:32', '2023-01-31 17:27:13'),
	(2088890824, 'user', 1, 2, 'dsa', NULL, 1, 2, '2023-01-31 17:26:49', '2023-01-31 17:27:28'),
	(2092451999, 'user', 1, 2, 'adsa', NULL, 1, 2, '2022-12-24 10:35:47', '2023-01-07 10:07:02'),
	(2092993453, 'user', 1, 2, 'starting escrow', NULL, 1, 5, '2023-01-28 12:08:00', '2023-01-28 12:08:01'),
	(2093491590, 'user', 1, 2, 'sss', NULL, 1, 1, '2022-12-24 10:27:37', '2023-01-07 10:07:59'),
	(2093793203, 'user', 2, 1, 'kjk', NULL, 1, 5, '2023-01-30 17:04:26', '2023-01-30 17:04:33'),
	(2093877606, 'user', 17, 14, 'Hi', NULL, 1, 19, '2023-02-13 03:58:04', '2023-02-13 03:59:05'),
	(2094610816, 'user', 1, 3, 'das', NULL, 0, 1, '2023-01-28 10:52:27', '2023-01-28 10:52:27'),
	(2095196298, 'user', 2, 1, 'sa', NULL, 1, 1, '2023-01-28 08:15:36', '2023-01-28 08:15:37'),
	(2097773025, 'user', 2, 1, 'سيش', NULL, 1, 4, '2023-01-28 12:43:43', '2023-01-28 12:43:44'),
	(2098805138, 'user', 1, 3, 'ولا لاولا', NULL, 0, 1, '2023-01-28 10:45:04', '2023-01-28 10:45:04'),
	(2101321337, 'user', 1, 2, '2', NULL, 1, 2, '2022-12-24 11:04:42', '2023-01-07 10:07:02'),
	(2102017082, 'user', 1, 2, 'fsd', NULL, 1, 1, '2022-12-24 11:02:27', '2023-01-07 10:07:59'),
	(2103504731, 'user', 14, 17, 'كان علي عيني', NULL, 1, 19, '2023-02-13 04:17:59', '2023-02-13 04:18:00'),
	(2104497572, 'user', 1, 2, 'asd', NULL, 1, 1, '2023-01-28 08:17:29', '2023-01-28 08:17:30'),
	(2105384592, 'user', 14, 17, 'صباح النور', NULL, 1, 19, '2023-02-13 04:16:12', '2023-02-13 04:16:13'),
	(2107068937, 'user', 2, 1, 'dsa', NULL, 1, 5, '2023-01-30 16:50:23', '2023-01-30 16:50:24'),
	(2108461208, 'user', 2, 1, 'hold', NULL, 1, 4, '2023-01-31 15:09:09', '2023-01-31 15:09:10'),
	(2108873303, 'user', 2, 1, 'dsa', NULL, 1, 1, '2023-01-28 09:54:38', '2023-01-28 09:54:43'),
	(2113262922, 'user', 2, 1, '1', NULL, 1, 2, '2022-12-31 09:33:18', '2023-01-07 07:57:08'),
	(2113734084, 'user', 1, 2, 'release', NULL, 1, 14, '2023-02-06 19:05:53', '2023-02-06 19:05:54'),
	(2114300870, 'user', 1, 3, 'a', NULL, 0, 2, '2023-01-28 11:05:41', '2023-01-28 11:05:41'),
	(2115777042, 'user', 18, 15, 'hello', NULL, 1, 28, '2023-02-16 05:29:06', '2023-02-16 05:29:30'),
	(2120025482, 'user', 1, 2, 'das', NULL, 1, 15, '2023-02-06 19:03:54', '2023-02-06 19:03:56'),
	(2120566737, 'user', 2, 1, 'post 1', NULL, 1, 1, '2022-12-31 09:45:35', '2023-01-07 07:57:05'),
	(2120741423, 'user', 1, 2, 'as', NULL, 1, 1, '2023-01-28 10:52:21', '2023-01-28 10:52:45'),
	(2121033155, 'user', 1, 2, 'sad', NULL, 1, 14, '2023-02-06 19:01:19', '2023-02-06 19:01:26'),
	(2123934799, 'user', 2, 1, 'sa', NULL, 1, 5, '2023-01-28 11:20:20', '2023-01-28 11:20:21'),
	(2128096732, 'user', 2, 1, 'ds', NULL, 1, 5, '2023-01-30 17:04:04', '2023-01-30 17:04:26'),
	(2128941423, 'user', 2, 1, 'das', NULL, 1, 1, '2022-12-24 11:35:55', '2023-01-07 07:57:05'),
	(2129144666, 'user', 2, 1, 'شسي', NULL, 1, 1, '2023-01-28 07:24:15', '2023-01-28 07:24:17'),
	(2132894746, 'user', 1, 2, 'dsadjsad', NULL, 1, 2, '2023-01-02 17:27:07', '2023-01-07 10:07:02'),
	(2136001723, 'user', 1, 3, 'وايه كمان يا دنيا مخبيلنا ايه؟؟؟ بس كدا بسب بس يس يس يسي سي', NULL, 0, 1, '2023-01-02 19:28:42', '2023-01-02 19:28:42'),
	(2138571323, 'user', 2, 1, 'هلا والله', NULL, 1, 1, '2022-12-24 10:51:40', '2023-01-07 07:57:05'),
	(2139983175, 'user', 1, 2, 'fds', NULL, 1, 2, '2022-12-24 11:04:10', '2023-01-07 10:07:02'),
	(2140961820, 'user', 2, 1, 'asd', NULL, 1, 5, '2023-01-28 11:07:36', '2023-01-28 11:07:37'),
	(2142143872, 'user', 2, 11, 'ds', NULL, 1, 4, '2023-01-28 09:24:36', '2023-01-28 09:24:37'),
	(2142346386, 'user', 1, 2, 's', NULL, 1, 2, '2023-01-21 16:09:04', '2023-01-28 10:58:23'),
	(2143538704, 'user', 1, 2, 'here', NULL, 1, 5, '2023-01-28 11:37:36', '2023-01-28 11:37:39'),
	(2145102627, 'user', 11, 2, 's', NULL, 1, 4, '2023-01-28 09:42:43', '2023-01-28 09:43:15'),
	(2145759504, 'user', 1, 3, 's', NULL, 0, 2, '2023-01-31 16:47:31', '2023-01-31 16:47:31'),
	(2148500492, 'user', 2, 1, 'ss', NULL, 1, 2, '2022-12-24 11:39:37', '2023-01-07 07:57:08'),
	(2149704019, 'user', 2, 1, 'das', NULL, 1, 5, '2023-01-28 11:08:15', '2023-01-28 11:08:15'),
	(2152066441, 'user', 2, 1, 'dasjsadjsad', NULL, 1, 2, '2023-01-02 17:27:25', '2023-01-07 07:57:08'),
	(2152972668, 'user', 1, 2, 'dsa', NULL, 1, 4, '2023-01-30 16:48:39', '2023-01-30 16:48:41'),
	(2154659384, 'user', 2, 1, 'das', NULL, 1, 4, '2023-01-28 13:55:43', '2023-01-28 13:55:44'),
	(2155371221, 'user', 2, 1, 'as', NULL, 1, 2, '2022-12-24 11:39:39', '2023-01-07 07:57:08'),
	(2156431798, 'user', 1, 2, '1', NULL, 1, 1, '2022-12-31 09:37:06', '2023-01-07 10:07:59'),
	(2156525529, 'user', 1, 2, '', NULL, 1, 5, '2023-01-28 11:29:49', '2023-01-28 11:29:51'),
	(2161247219, 'user', 1, 2, 'starting escrow', NULL, 1, 5, '2023-01-28 12:06:53', '2023-01-28 12:06:55'),
	(2163187503, 'user', 1, 2, 'post 1', NULL, 1, 1, '2022-12-24 09:07:41', '2023-01-07 10:07:59'),
	(2163618349, 'user', 1, 2, 'starting escrow', NULL, 1, 5, '2023-01-28 12:34:34', '2023-01-28 12:34:34'),
	(2167974681, 'user', 2, 1, 'asd', NULL, 1, 1, '2022-12-24 11:36:10', '2023-01-07 07:57:05'),
	(2168917078, 'user', 1, 2, 'fd', NULL, 1, 5, '2023-01-10 16:36:56', '2023-01-28 07:18:50'),
	(2170222413, 'user', 2, 1, 'dsa', NULL, 1, 5, '2023-01-28 11:16:37', '2023-01-28 11:16:38'),
	(2178533484, 'user', 1, 2, 'qq', NULL, 1, 1, '2022-12-31 09:59:45', '2023-01-07 10:07:59'),
	(2178665063, 'user', 1, 2, 'd', NULL, 1, 1, '2023-01-02 17:43:54', '2023-01-07 10:07:59'),
	(2180005525, 'user', 1, 2, 'escrow', NULL, 1, 15, '2023-02-06 19:02:23', '2023-02-06 19:02:23'),
	(2180282401, 'user', 1, 3, 'd', NULL, 0, 2, '2023-01-28 10:58:10', '2023-01-28 10:58:10'),
	(2180814918, 'user', 1, 2, 'hi', NULL, 1, 4, '2023-01-10 14:23:22', '2023-01-28 09:55:30'),
	(2182808637, 'user', 2, 1, 'dsdsd', NULL, 1, 1, '2023-01-28 08:09:57', '2023-01-28 08:09:58'),
	(2186123300, 'user', 2, 1, 'dsa', NULL, 1, 2, '2022-12-24 11:35:23', '2023-01-07 07:57:08'),
	(2186561917, 'user', 1, 2, 'sasa', NULL, 1, 1, '2022-12-31 10:34:45', '2023-01-07 10:07:59'),
	(2186827492, 'user', 2, 11, 'asdas', NULL, 1, 4, '2023-01-28 09:39:00', '2023-01-28 09:39:01'),
	(2187332227, 'user', 11, 2, 'sad', NULL, 1, 4, '2023-01-28 09:40:33', '2023-01-28 09:40:41'),
	(2190369423, 'user', 1, 2, 'a', NULL, 1, 1, '2023-01-28 10:43:04', '2023-01-28 10:50:36'),
	(2192707075, 'user', 2, 1, 'dsa', NULL, 1, 4, '2023-01-28 10:02:11', '2023-01-28 10:02:12'),
	(2194103613, 'user', 2, 1, '1', NULL, 1, 1, '2022-12-31 10:30:30', '2023-01-07 07:57:05'),
	(2195199279, 'user', 1, 2, 's', NULL, 1, 5, '2023-01-28 11:14:53', '2023-01-28 11:14:55'),
	(2195208922, 'user', 1, 2, 'qq', NULL, 1, 1, '2022-12-31 09:59:53', '2023-01-07 10:07:59'),
	(2196457426, 'user', 1, 2, 'll', NULL, 1, 5, '2023-01-30 17:06:18', '2023-01-30 17:06:20'),
	(2196474981, 'user', 1, 2, 'dsa', NULL, 1, 4, '2023-01-28 10:02:17', '2023-01-28 10:03:05'),
	(2197740373, 'user', 1, 2, 'starting escrow', NULL, 1, 5, '2023-01-28 11:38:51', '2023-01-28 11:38:52'),
	(2199368301, 'user', 1, 2, 'd', NULL, 1, 1, '2023-01-02 17:44:40', '2023-01-07 10:07:59'),
	(2200628126, 'user', 1, 2, 'dfsdsa', NULL, 1, 2, '2023-01-02 17:26:11', '2023-01-07 10:07:02'),
	(2201234579, 'user', 2, 1, 'ads', NULL, 1, 1, '2023-01-28 10:50:50', '2023-01-28 10:52:03'),
	(2202543472, 'user', 1, 2, 'sa', NULL, 1, 5, '2023-01-28 09:54:25', '2023-01-28 09:54:33'),
	(2205819191, 'user', 1, 2, 'sas', NULL, 1, 2, '2022-12-31 09:58:49', '2023-01-07 10:07:02'),
	(2206063666, 'user', 2, 11, 'ds', NULL, 1, 4, '2023-01-28 09:45:42', '2023-01-28 09:45:43'),
	(2206818949, 'user', 1, 2, 'here', NULL, 1, 5, '2023-01-28 11:36:00', '2023-01-28 11:36:05'),
	(2209876619, 'user', 2, 1, 's', NULL, 1, 1, '2023-01-02 17:54:15', '2023-01-07 07:57:05'),
	(2211558423, 'user', 1, 2, 'starting escrow', NULL, 1, 5, '2023-01-28 12:14:48', '2023-01-28 12:14:49'),
	(2215239915, 'user', 1, 3, 'ي', NULL, 0, 1, '2023-01-02 19:29:17', '2023-01-02 19:29:17'),
	(2215848574, 'user', 2, 1, 's', NULL, 1, 2, '2023-01-28 10:58:36', '2023-01-28 10:58:37'),
	(2217826153, 'user', 1, 2, 'escrow', NULL, 1, 5, '2023-01-30 17:03:41', '2023-01-30 17:03:47'),
	(2218966712, 'user', 1, 2, 'بسم الله', NULL, 1, 5, '2023-01-28 07:12:15', '2023-01-28 07:18:50'),
	(2218994150, 'user', 1, 3, 'مستخدم ثالث بوست 2', NULL, 0, 2, '2023-01-02 18:16:40', '2023-01-02 18:16:40'),
	(2219601715, 'user', 2, 1, 's', NULL, 1, 2, '2023-01-28 10:58:24', '2023-01-28 10:58:31'),
	(2220931324, 'user', 1, 2, '2', NULL, 1, 2, '2023-01-02 17:27:57', '2023-01-07 10:07:02'),
	(2221371738, 'user', 1, 2, 'das', NULL, 1, 15, '2023-02-06 19:03:57', '2023-02-06 19:03:58'),
	(2225588177, 'user', 1, 2, '1', NULL, 1, 1, '2022-12-31 09:05:02', '2023-01-07 10:07:59'),
	(2229754042, 'user', 1, 2, 'starting escrow', NULL, 1, 5, '2023-01-28 11:47:35', '2023-01-28 11:48:14'),
	(2232704783, 'user', 2, 1, 'dsa', NULL, 1, 5, '2023-01-28 12:36:48', '2023-01-28 12:36:49'),
	(2232970075, 'user', 1, 2, 's', NULL, 1, 5, '2023-01-28 11:21:00', '2023-01-28 11:21:01'),
	(2234739897, 'user', 1, 2, 'release', NULL, 1, 4, '2023-01-31 16:41:38', '2023-01-31 16:41:40'),
	(2236018998, 'user', 1, 2, 'س', NULL, 1, 1, '2023-01-28 07:21:01', '2023-01-28 07:21:16'),
	(2236959413, 'user', 1, 3, 'ولا                   لا  لا لا لا لا لا لالا  لا لا لا لا لا لا لالا  لا لا', NULL, 0, 1, '2023-01-02 19:29:03', '2023-01-02 19:29:03'),
	(2237640614, 'user', 2, 11, 'das', NULL, 1, 4, '2023-01-28 09:35:30', '2023-01-28 09:35:31'),
	(2238482199, 'user', 2, 1, 'as', NULL, 1, 2, '2023-01-31 17:27:37', '2023-01-31 17:27:58'),
	(2240821659, 'user', 2, 11, 'as', NULL, 1, 4, '2023-01-28 09:53:19', '2023-01-28 09:53:25'),
	(2242158964, 'user', 1, 2, 'escrow', NULL, 1, 5, '2023-01-30 16:50:13', '2023-01-30 16:50:14'),
	(2242689871, 'user', 2, 1, '2', NULL, 1, 2, '2022-12-31 10:21:28', '2023-01-07 07:57:08'),
	(2245188101, 'user', 1, 3, 'd', NULL, 0, 2, '2023-01-28 11:04:34', '2023-01-28 11:04:34'),
	(2247080916, 'user', 1, 2, 'sa', NULL, 1, 5, '2023-01-30 17:09:03', '2023-01-30 17:09:05'),
	(2247694916, 'user', 2, 11, 'dsa', NULL, 0, 4, '2023-01-30 20:14:36', '2023-01-30 20:14:36'),
	(2249828547, 'user', 1, 2, 'here', NULL, 1, 5, '2023-01-28 11:34:18', '2023-01-28 11:34:19'),
	(2251140913, 'user', 1, 2, 'qq', NULL, 1, 1, '2022-12-31 09:59:50', '2023-01-07 10:07:59'),
	(2251454907, 'user', 11, 2, 'das', NULL, 1, 4, '2023-01-28 09:51:09', '2023-01-28 09:51:20'),
	(2252825414, 'user', 2, 1, 'starting escrow', NULL, 1, 5, '2023-01-28 12:37:00', '2023-01-28 12:37:01'),
	(2253232622, 'user', 1, 2, 'h\\', NULL, 1, 2, '2023-01-07 10:06:24', '2023-01-07 10:07:02'),
	(2254375464, 'user', 11, 2, 'fsd', NULL, 1, 4, '2023-01-28 09:44:11', '2023-01-28 09:44:25'),
	(2255291638, 'user', 1, 2, 'بوست 2', NULL, 1, 2, '2022-12-24 10:52:09', '2023-01-07 10:07:02'),
	(2255936844, 'user', 1, 2, 'here', NULL, 1, 5, '2023-01-28 11:33:12', '2023-01-28 11:33:14'),
	(2256658724, 'user', 1, 2, 'asdasd', NULL, 1, 2, '2022-12-31 10:30:00', '2023-01-07 10:07:02'),
	(2256834003, 'user', 2, 1, '2', NULL, 1, 1, '2022-12-24 10:52:36', '2023-01-07 07:57:05'),
	(2257173770, 'user', 2, 11, 'das', NULL, 1, 4, '2023-01-28 09:51:22', '2023-01-28 09:51:23'),
	(2262495087, 'user', 2, 1, 'lol', NULL, 1, 2, '2022-12-31 10:28:54', '2023-01-07 07:57:08'),
	(2268971907, 'user', 2, 1, 's', NULL, 1, 2, '2023-01-07 10:07:48', '2023-01-07 10:07:48'),
	(2269919174, 'user', 2, 1, 'das', NULL, 1, 5, '2023-01-28 12:34:56', '2023-01-28 12:34:57'),
	(2270533023, 'user', 2, 11, 'das', NULL, 1, 4, '2023-01-28 09:28:40', '2023-01-28 09:28:41'),
	(2272196541, 'user', 1, 2, 'dsa', NULL, 1, 2, '2022-12-24 11:35:21', '2023-01-07 10:07:02'),
	(2275560782, 'user', 1, 2, 'sda', NULL, 1, 4, '2023-01-30 16:45:36', '2023-01-30 16:45:41'),
	(2277271362, 'user', 1, 2, '2', NULL, 1, 2, '2022-12-31 10:21:01', '2023-01-07 10:07:02'),
	(2280650183, 'user', 2, 1, 'شسي', NULL, 1, 1, '2023-01-28 07:20:45', '2023-01-28 07:20:51'),
	(2280939920, 'user', 1, 2, 'ww', NULL, 1, 2, '2022-12-31 10:20:39', '2023-01-07 10:07:02'),
	(2284097398, 'user', 1, 2, 'escrow', NULL, 1, 4, '2023-01-28 13:55:24', '2023-01-28 13:55:29'),
	(2284761278, 'user', 1, 2, 'sas', NULL, 1, 2, '2022-12-31 10:29:50', '2023-01-07 10:07:02'),
	(2285394734, 'user', 1, 2, '1', NULL, 1, 1, '2022-12-24 11:04:49', '2023-01-07 10:07:59'),
	(2286591028, 'user', 1, 3, 's', NULL, 0, 1, '2023-01-02 19:11:38', '2023-01-02 19:11:38'),
	(2287119647, 'user', 2, 1, 'sasa', NULL, 1, 1, '2022-12-31 10:34:41', '2023-01-07 07:57:05'),
	(2291261021, 'user', 1, 2, 's', NULL, 1, 1, '2023-01-02 17:59:17', '2023-01-07 10:07:59'),
	(2292233555, 'user', 2, 1, 'ولا يا ولا', NULL, 1, 1, '2023-01-28 07:19:21', '2023-01-28 07:20:51'),
	(2294993192, 'user', 2, 1, 'das', NULL, 1, 1, '2023-01-28 08:14:58', '2023-01-28 08:14:59'),
	(2296435287, 'user', 1, 2, 'fds', NULL, 1, 1, '2022-12-24 11:03:53', '2023-01-07 10:07:59'),
	(2297780347, 'user', 1, 2, 'post 1', NULL, 1, 1, '2022-12-24 10:28:14', '2023-01-07 10:07:59'),
	(2298446656, 'user', 1, 3, 'dsa', NULL, 0, 1, '2023-01-28 10:50:28', '2023-01-28 10:50:28'),
	(2299114567, 'user', 2, 1, 'g', NULL, 1, 5, '2023-01-30 17:06:41', '2023-01-30 17:06:42'),
	(2301499998, 'user', 1, 3, 'd', NULL, 0, 2, '2023-01-28 10:53:30', '2023-01-28 10:53:30'),
	(2304922785, 'user', 1, 2, 'dsa', NULL, 1, 2, '2022-12-24 11:35:39', '2023-01-07 10:07:02'),
	(2306516326, 'user', 1, 2, 'sa', NULL, 1, 2, '2022-12-31 09:04:01', '2023-01-07 10:07:02'),
	(2310758251, 'user', 1, 2, 'sa', NULL, 1, 5, '2023-01-30 17:14:35', '2023-01-30 17:14:36'),
	(2310943356, 'user', 1, 2, 'انا توهت', NULL, 1, 2, '2022-12-24 10:52:54', '2023-01-07 10:07:02'),
	(2313385996, 'user', 1, 2, 'sa', NULL, 1, 4, '2023-01-31 15:01:51', '2023-01-31 15:02:04'),
	(2314555171, 'user', 1, 2, 'يسش', NULL, 1, 4, '2023-01-28 12:42:59', '2023-01-28 12:43:00'),
	(2315229647, 'user', 2, 1, 'escrow', NULL, 1, 1, '2023-01-31 17:23:02', '2023-01-31 17:27:13'),
	(2318626746, 'user', 1, 2, 'sad', NULL, 1, 5, '2023-01-30 17:24:50', '2023-01-30 17:24:53'),
	(2319591588, 'user', 2, 1, 'asd', NULL, 1, 2, '2022-12-31 09:59:02', '2023-01-07 07:57:08'),
	(2322068138, 'user', 1, 2, 'asd', NULL, 1, 5, '2023-01-28 11:07:47', '2023-01-28 11:07:53'),
	(2323248756, 'user', 2, 1, 'sa', NULL, 1, 1, '2023-01-07 10:08:25', '2023-01-07 10:39:49'),
	(2327730029, 'user', 1, 3, 'das', NULL, 0, 1, '2023-01-28 10:49:49', '2023-01-28 10:49:49'),
	(2331979489, 'user', 2, 1, '2', NULL, 1, 2, '2022-12-24 11:13:03', '2023-01-07 07:57:08'),
	(2333425996, 'user', 2, 1, 's', NULL, 1, 5, '2023-01-28 11:34:49', '2023-01-28 11:34:50'),
	(2333826473, 'user', 1, 2, 's', NULL, 1, 2, '2023-01-28 10:58:32', '2023-01-28 10:58:35'),
	(2336003325, 'user', 1, 3, 'das', NULL, 0, 2, '2023-01-28 10:55:53', '2023-01-28 10:55:53'),
	(2336728585, 'user', 1, 2, 'wla ya wla', NULL, 1, 2, '2022-12-31 10:20:09', '2023-01-07 10:07:02'),
	(2338811326, 'user', 2, 1, 'escrow', NULL, 1, 4, '2023-01-30 16:41:47', '2023-01-30 16:41:57'),
	(2345484670, 'user', 2, 1, '2', NULL, 1, 1, '2022-12-31 09:36:15', '2023-01-07 07:57:05'),
	(2348569365, 'user', 2, 1, 'شسي', NULL, 1, 1, '2023-01-28 07:22:42', '2023-01-28 07:24:01'),
	(2351418869, 'user', 2, 1, 'dsa', NULL, 1, 1, '2023-01-28 10:50:47', '2023-01-28 10:52:03'),
	(2351906957, 'user', 1, 2, 'f,sj 2', NULL, 1, 2, '2022-12-24 11:04:23', '2023-01-07 10:07:02'),
	(2353544323, 'user', 2, 1, 's', NULL, 1, 1, '2023-01-02 17:43:06', '2023-01-07 07:57:05'),
	(2353694525, 'user', 1, 2, '1', NULL, 1, 1, '2022-12-24 11:04:52', '2023-01-07 10:07:59'),
	(2353770514, 'user', 1, 2, 'sa', NULL, 1, 2, '2022-12-31 09:03:59', '2023-01-07 10:07:02'),
	(2355365926, 'user', 2, 1, '1', NULL, 1, 1, '2022-12-24 10:23:57', '2023-01-07 07:57:05'),
	(2358767870, 'user', 1, 2, '1', NULL, 1, 1, '2022-12-24 10:25:58', '2023-01-07 10:07:59'),
	(2359693961, 'user', 1, 2, 'post1', NULL, 1, 1, '2022-12-24 11:15:37', '2023-01-07 10:07:59'),
	(2360879844, 'user', 2, 1, 'aaa', NULL, 1, 5, '2023-01-28 11:16:51', '2023-01-28 11:16:52'),
	(2361141132, 'user', 1, 3, 's', NULL, 0, 1, '2023-01-28 10:51:55', '2023-01-28 10:51:55'),
	(2366001368, 'user', 2, 1, 'hold', NULL, 1, 4, '2023-01-31 15:15:43', '2023-01-31 15:17:51'),
	(2366276321, 'user', 1, 2, 'dsa', NULL, 1, 1, '2023-01-28 08:51:43', '2023-01-28 08:52:08'),
	(2367034388, 'user', 1, 2, 'sa', NULL, 1, 5, '2023-01-30 16:54:58', '2023-01-30 16:55:01'),
	(2369359192, 'user', 1, 2, 'd', NULL, 1, 2, '2023-01-02 17:26:34', '2023-01-07 10:07:02'),
	(2372428249, 'user', 2, 1, '1', NULL, 1, 1, '2022-12-24 11:35:57', '2023-01-07 07:57:05'),
	(2372586306, 'user', 1, 2, 's', NULL, 1, 5, '2023-01-28 11:28:05', '2023-01-28 11:28:19'),
	(2375277090, 'user', 1, 2, '2', NULL, 1, 2, '2022-12-31 09:58:30', '2023-01-07 10:07:02'),
	(2376698419, 'user', 2, 1, 'as', NULL, 1, 4, '2023-01-28 11:15:52', '2023-01-28 11:15:57'),
	(2380714509, 'user', 2, 1, 'sad', NULL, 1, 4, '2023-01-28 09:56:35', '2023-01-28 09:56:56'),
	(2381426236, 'user', 2, 1, 'sa', NULL, 1, 2, '2023-01-31 17:27:34', '2023-01-31 17:27:58'),
	(2383157010, 'user', 11, 2, 'ds', NULL, 1, 4, '2023-01-28 09:24:28', '2023-01-28 09:24:34'),
	(2383344074, 'user', 2, 1, 'escrow', NULL, 1, 4, '2023-01-30 17:33:35', '2023-01-30 17:48:54'),
	(2383623096, 'user', 1, 2, 'dsa', NULL, 1, 1, '2022-12-31 09:04:29', '2023-01-07 10:07:59'),
	(2385102349, 'user', 2, 1, 'sad', NULL, 1, 2, '2022-12-24 11:34:04', '2023-01-07 07:57:08'),
	(2385480221, 'user', 2, 1, 'das', NULL, 1, 15, '2023-02-06 19:02:34', '2023-02-06 19:02:39'),
	(2391859139, 'user', 2, 1, '2', NULL, 1, 2, '2022-12-31 10:21:11', '2023-01-07 07:57:08'),
	(2395194398, 'user', 2, 1, 'dsa', NULL, 1, 4, '2023-01-30 16:48:46', '2023-01-30 16:48:46'),
	(2395557522, 'user', 1, 2, 'sa', NULL, 1, 15, '2023-02-06 18:59:56', '2023-02-06 19:00:31'),
	(2395877439, 'user', 2, 11, 'dsa', NULL, 1, 5, '2023-01-28 09:23:07', '2023-01-28 09:23:08'),
	(2396076167, 'user', 1, 2, 'das', NULL, 1, 5, '2023-01-30 16:40:57', '2023-01-30 16:41:42'),
	(2399282916, 'user', 2, 1, 'escrow', NULL, 1, 2, '2023-01-31 17:24:23', '2023-01-31 17:25:06'),
	(2400365290, 'user', 1, 2, 'post 1', NULL, 1, 1, '2022-12-31 09:55:59', '2023-01-07 10:07:59'),
	(2404449797, 'user', 1, 2, 'hold', NULL, 1, 2, '2023-01-31 17:25:23', '2023-01-31 17:27:28'),
	(2407263458, 'user', 2, 1, 'dsa', NULL, 1, 1, '2023-01-07 10:08:08', '2023-01-07 10:08:14'),
	(2408814951, 'user', 2, 1, 'ww', NULL, 1, 2, '2022-12-31 09:59:39', '2023-01-07 07:57:08'),
	(2409004568, 'user', 1, 2, '1', NULL, 1, 2, '2022-12-31 09:31:45', '2023-01-07 10:07:02'),
	(2410481290, 'user', 1, 2, 'fsd', NULL, 1, 2, '2022-12-24 11:39:00', '2023-01-07 10:07:02'),
	(2410807907, 'user', 1, 2, 'dsa', NULL, 1, 1, '2023-01-28 09:54:44', '2023-01-28 09:54:47'),
	(2411976771, 'user', 1, 3, 'ds', NULL, 0, 1, '2023-01-28 10:44:05', '2023-01-28 10:44:05'),
	(2412564870, 'user', 2, 1, 'ي', NULL, 1, 1, '2023-01-28 07:42:58', '2023-01-28 07:43:00'),
	(2419298529, 'user', 1, 2, 'wlasd', NULL, 1, 2, '2022-12-24 10:32:48', '2023-01-07 10:07:02'),
	(2420538411, 'user', 1, 2, 'dsa', NULL, 1, 2, '2022-12-24 11:01:38', '2023-01-07 10:07:02'),
	(2422210576, 'user', 2, 1, 'sasa', NULL, 1, 2, '2023-01-07 10:07:53', '2023-01-07 10:07:54'),
	(2422946286, 'user', 2, 11, 'das', NULL, 1, 4, '2023-01-28 09:33:07', '2023-01-28 09:33:11'),
	(2426266660, 'user', 1, 2, 'dsa', NULL, 1, 1, '2022-12-24 11:17:07', '2023-01-07 10:07:59'),
	(2430687334, 'user', 1, 2, 's', NULL, 1, 5, '2023-01-30 17:24:36', '2023-01-30 17:24:53'),
	(2431053458, 'user', 2, 1, 'das', NULL, 1, 5, '2023-01-30 17:02:43', '2023-01-30 17:02:48'),
	(2437948743, 'user', 1, 2, 'das', NULL, 1, 1, '2023-01-28 09:09:16', '2023-01-28 09:09:24'),
	(2445126230, 'user', 1, 3, 'dsa', NULL, 0, 2, '2023-01-28 10:55:06', '2023-01-28 10:55:06'),
	(2448282071, 'user', 1, 2, 'post 1', NULL, 1, 1, '2022-12-31 10:28:26', '2023-01-07 10:07:59'),
	(2448314364, 'user', 1, 2, 'das', NULL, 1, 5, '2023-01-28 11:16:11', '2023-01-28 11:16:20'),
	(2450701302, 'user', 1, 2, ',,', NULL, 1, 5, '2023-01-30 17:06:22', '2023-01-30 17:06:23'),
	(2451057735, 'user', 2, 11, 'sad', NULL, 1, 4, '2023-01-28 09:52:33', '2023-01-28 09:52:34'),
	(2453957087, 'user', 1, 2, 'يسش', NULL, 1, 4, '2023-01-28 12:43:46', '2023-01-28 12:43:47'),
	(2454421081, 'user', 1, 2, 'sa', NULL, 1, 15, '2023-02-06 19:02:54', '2023-02-06 19:02:55'),
	(2455681627, 'user', 1, 2, 'dsa', NULL, 1, 1, '2022-12-24 10:27:55', '2023-01-07 10:07:59'),
	(2456361819, 'user', 2, 1, 'a', NULL, 1, 1, '2023-01-28 08:05:47', '2023-01-28 08:05:48'),
	(2456469606, 'user', 2, 1, '11', NULL, 1, 1, '2022-12-24 11:12:38', '2023-01-07 07:57:05'),
	(2460601962, 'user', 1, 2, 'starting escrow', NULL, 1, 5, '2023-01-28 12:36:37', '2023-01-28 12:36:39'),
	(2460939057, 'user', 2, 1, 'hold', NULL, 1, 4, '2023-01-31 15:14:27', '2023-01-31 15:15:37'),
	(2461845091, 'user', 2, 1, 'ييسش', NULL, 1, 1, '2023-01-28 07:20:40', '2023-01-28 07:20:51'),
	(2462598258, 'user', 1, 2, 'sad', NULL, 1, 1, '2023-01-31 17:27:48', '2023-01-31 17:48:03'),
	(2469146705, 'user', 2, 1, 'd', NULL, 1, 15, '2023-02-06 19:03:13', '2023-02-06 19:03:18'),
	(2469920158, 'user', 1, 2, 'starting escrow', NULL, 1, 5, '2023-01-28 12:30:43', '2023-01-28 12:30:47'),
	(2470885495, 'user', 2, 1, 'hold', NULL, 1, 5, '2023-01-31 16:43:46', '2023-01-31 16:43:49'),
	(2471156224, 'user', 2, 1, 'd', NULL, 1, 2, '2023-01-02 17:26:37', '2023-01-07 07:57:08'),
	(2471979653, 'user', 2, 1, 'das', NULL, 1, 1, '2023-01-31 17:26:59', '2023-01-31 17:27:13'),
	(2472022263, 'user', 2, 1, 'sa', NULL, 1, 5, '2023-01-30 17:07:59', '2023-01-30 17:08:00'),
	(2473116477, 'user', 1, 2, 'dasda', NULL, 1, 15, '2023-02-06 19:01:34', '2023-02-06 19:01:58'),
	(2473252072, 'user', 1, 2, '2', NULL, 1, 2, '2022-12-31 10:21:37', '2023-01-07 10:07:02'),
	(2473664008, 'user', 1, 2, 'a', NULL, 1, 5, '2023-01-28 11:07:00', '2023-01-28 11:07:06'),
	(2476831982, 'user', 2, 1, 'as', NULL, 1, 5, '2023-01-30 17:09:07', '2023-01-30 17:09:08'),
	(2483548591, 'user', 1, 2, '2', NULL, 1, 2, '2022-12-31 10:21:16', '2023-01-07 10:07:02'),
	(2484845374, 'user', 2, 1, 'escrow', NULL, 1, 5, '2023-01-30 17:05:54', '2023-01-30 17:05:56'),
	(2485423385, 'user', 1, 2, 'dsadsa', NULL, 1, 1, '2022-12-24 11:16:46', '2023-01-07 10:07:59'),
	(2486207579, 'user', 2, 1, 'sd', NULL, 1, 1, '2023-01-28 08:09:30', '2023-01-28 08:09:31'),
	(2487826506, 'user', 1, 2, 'hh', NULL, 1, 14, '2023-02-06 18:57:34', '2023-02-06 19:00:55'),
	(2488235361, 'user', 2, 1, 'das', NULL, 1, 2, '2022-12-24 10:37:41', '2023-01-07 07:57:08'),
	(2489760456, 'user', 2, 1, 'hold', NULL, 1, 4, '2023-01-31 15:09:22', '2023-01-31 15:09:23'),
	(2490159247, 'user', 2, 1, 'sa', NULL, 1, 5, '2023-01-28 11:07:06', '2023-01-28 11:07:08'),
	(2494652269, 'user', 2, 1, 'jhkjlk;l', NULL, 1, 4, '2023-01-28 15:54:32', '2023-01-28 15:54:37'),
	(2498161842, 'user', 2, 1, 'asdas', NULL, 1, 1, '2023-01-28 08:17:24', '2023-01-28 08:17:25'),
	(2498496151, 'user', 2, 1, 'asdasdasd', NULL, 1, 1, '2022-12-31 10:30:07', '2023-01-07 07:57:05'),
	(2499023699, 'user', 2, 1, 'as', NULL, 1, 1, '2023-01-28 08:00:14', '2023-01-28 08:00:15'),
	(2499062754, 'user', 2, 1, 's', NULL, 1, 5, '2023-01-30 17:14:28', '2023-01-30 17:14:30'),
	(2500375815, 'user', 2, 1, '1', NULL, 1, 1, '2022-12-24 10:24:03', '2023-01-07 07:57:05'),
	(2506177918, 'user', 1, 2, 'qq', NULL, 1, 1, '2022-12-31 09:59:56', '2023-01-07 10:07:59'),
	(2506604809, 'user', 2, 1, '2', NULL, 1, 2, '2022-12-24 09:43:16', '2023-01-07 07:57:08'),
	(2508689272, 'user', 1, 2, 'السلام عليكم ؟', NULL, 1, 5, '2023-01-10 16:37:00', '2023-01-28 07:18:50'),
	(2509905097, 'user', 2, 1, 'a', NULL, 1, 5, '2023-01-30 17:14:11', '2023-01-30 17:14:11'),
	(2510418554, 'user', 1, 2, 'das', NULL, 1, 2, '2022-12-24 11:01:30', '2023-01-07 10:07:02'),
	(2510692578, 'user', 1, 2, 'starting escrow', NULL, 1, 5, '2023-01-28 12:36:18', '2023-01-28 12:36:20'),
	(2512857631, 'user', 1, 2, 'das', NULL, 1, 2, '2023-01-28 10:40:39', '2023-01-28 10:58:23'),
	(2516449831, 'user', 1, 2, 'here', NULL, 1, 5, '2023-01-28 11:34:39', '2023-01-28 11:34:47'),
	(2519338065, 'user', 2, 1, 'a', NULL, 1, 4, '2023-01-28 11:06:47', '2023-01-28 11:06:48'),
	(2519472343, 'user', 2, 1, 'dsada', NULL, 1, 2, '2022-12-24 11:35:43', '2023-01-07 07:57:08'),
	(2520118063, 'user', 1, 2, 'asd', NULL, 1, 1, '2022-12-24 10:44:02', '2023-01-07 10:07:59'),
	(2525784247, 'user', 1, 2, 'd', NULL, 1, 2, '2022-12-31 09:02:38', '2023-01-07 10:07:02'),
	(2528443909, 'user', 1, 2, 'das', NULL, 1, 5, '2023-01-28 12:28:42', '2023-01-28 12:28:43'),
	(2529192747, 'user', 2, 1, 'dsa', NULL, 1, 2, '2022-12-24 11:39:15', '2023-01-07 07:57:08'),
	(2530746164, 'user', 1, 2, 's', NULL, 1, 4, '2023-01-28 10:58:57', '2023-01-28 10:59:08'),
	(2530952303, 'user', 1, 2, 'das', NULL, 1, 5, '2023-01-30 17:07:52', '2023-01-30 17:07:53'),
	(2531877016, 'user', 1, 2, 'escrow', NULL, 1, 4, '2023-01-28 12:43:06', '2023-01-28 12:43:08'),
	(2532429664, 'user', 1, 2, '2', NULL, 1, 2, '2022-12-31 10:21:25', '2023-01-07 10:07:02'),
	(2533470769, 'user', 2, 11, 'asd', NULL, 1, 4, '2023-01-28 09:33:32', '2023-01-28 09:33:33'),
	(2536383139, 'user', 2, 1, 'dsa', NULL, 1, 5, '2023-01-28 11:16:05', '2023-01-28 11:16:06'),
	(2538207512, 'user', 1, 2, ',,hf', NULL, 1, 1, '2022-12-24 11:00:49', '2023-01-07 10:07:59'),
	(2538272011, 'user', 2, 1, 'dsa', NULL, 1, 4, '2023-01-28 09:55:32', '2023-01-28 09:56:27'),
	(2539086641, 'user', 1, 2, 'as', NULL, 1, 1, '2023-01-31 17:27:19', '2023-01-31 17:27:20'),
	(2542325312, 'user', 2, 1, 'سش', NULL, 1, 1, '2023-01-28 07:43:12', '2023-01-28 07:43:13'),
	(2542733117, 'user', 1, 2, 'يا الله', NULL, 1, 1, '2023-01-28 07:13:36', '2023-01-28 07:19:09'),
	(2545036658, 'user', 1, 2, 'dsa', NULL, 1, 5, '2023-01-30 17:02:53', '2023-01-30 17:03:08'),
	(2546373577, 'user', 2, 1, 'sa', NULL, 1, 5, '2023-01-30 17:22:22', '2023-01-30 17:22:28'),
	(2548451222, 'user', 1, 2, '2', NULL, 1, 2, '2022-12-31 10:34:24', '2023-01-07 10:07:02'),
	(2548523522, 'user', 1, 2, 'dsa', NULL, 1, 2, '2022-12-24 11:01:34', '2023-01-07 10:07:02'),
	(2551056936, 'user', 2, 1, '1', NULL, 1, 1, '2022-12-31 09:58:17', '2023-01-07 07:57:05'),
	(2553670977, 'user', 1, 2, 'das', NULL, 1, 1, '2022-12-24 11:01:50', '2023-01-07 10:07:59'),
	(2556854023, 'user', 1, 2, 'here', NULL, 1, 5, '2023-01-28 11:34:54', '2023-01-28 11:34:56'),
	(2558805798, 'user', 1, 2, 'بسم الله', NULL, 1, 1, '2022-12-24 10:51:04', '2023-01-07 10:07:59'),
	(2563218571, 'user', 2, 1, 'as', NULL, 1, 4, '2023-01-28 09:57:07', '2023-01-28 09:57:08'),
	(2564037224, 'user', 2, 1, 'ds', NULL, 1, 2, '2023-01-02 17:25:52', '2023-01-07 07:57:08'),
	(2566399185, 'user', 1, 2, 'starting escrow', NULL, 1, 5, '2023-01-28 11:39:00', '2023-01-28 11:39:01'),
	(2569664916, 'user', 2, 1, '1', NULL, 1, 1, '2022-12-31 10:28:34', '2023-01-07 07:57:05'),
	(2571570144, 'user', 1, 3, 'as', NULL, 0, 2, '2023-01-28 10:52:41', '2023-01-28 10:52:41'),
	(2578284079, 'user', 1, 2, 'asdasd', NULL, 1, 2, '2022-12-31 09:59:29', '2023-01-07 10:07:02'),
	(2579940819, 'user', 1, 2, 'll', NULL, 1, 5, '2023-01-30 17:06:12', '2023-01-30 17:06:14'),
	(2585336946, 'user', 1, 2, 'das', NULL, 1, 2, '2023-01-31 17:26:55', '2023-01-31 17:27:28'),
	(2586814259, 'user', 2, 1, 'hold', NULL, 1, 4, '2023-01-31 15:02:16', '2023-01-31 15:02:17'),
	(2590085492, 'user', 1, 2, 'dsa', NULL, 1, 1, '2023-01-28 08:15:09', '2023-01-28 08:15:33'),
	(2590381413, 'user', 1, 2, 'hold', NULL, 1, 2, '2023-01-31 17:25:08', '2023-01-31 17:25:15'),
	(2591598326, 'user', 1, 2, 's', NULL, 1, 2, '2023-01-02 17:41:07', '2023-01-07 10:07:02'),
	(2596208696, 'user', 1, 2, 'post 2', NULL, 1, 2, '2022-12-24 10:30:47', '2023-01-07 10:07:02'),
	(2596662283, 'user', 2, 1, '2', NULL, 1, 2, '2022-12-31 09:47:57', '2023-01-07 07:57:08'),
	(2597024638, 'user', 2, 1, 'post 1', NULL, 1, 1, '2023-01-02 18:53:55', '2023-01-07 07:57:05'),
	(2603847830, 'user', 1, 2, 'sa', NULL, 1, 4, '2023-01-30 16:41:06', '2023-01-30 16:41:36'),
	(2604023823, 'user', 1, 2, 'qweqweqw', NULL, 1, 1, '2022-12-24 11:04:17', '2023-01-07 10:07:59'),
	(2604259736, 'user', 1, 2, 'das', NULL, 1, 1, '2023-01-31 17:27:14', '2023-01-31 17:27:14'),
	(2605621867, 'user', 1, 2, 'ولا يا ولا .', NULL, 1, 1, '2023-01-02 17:48:04', '2023-01-07 10:07:59'),
	(2609089060, 'user', 1, 2, 'd', NULL, 1, 2, '2023-01-02 17:42:20', '2023-01-07 10:07:02'),
	(2611632527, 'user', 1, 2, ',,,', NULL, 1, 5, '2023-01-30 17:06:29', '2023-01-30 17:06:31'),
	(2613387774, 'user', 1, 2, 'das', NULL, 1, 4, '2023-01-28 10:02:40', '2023-01-28 10:03:05'),
	(2615245953, 'user', 2, 1, 'as', NULL, 1, 4, '2023-01-30 20:14:13', '2023-01-30 20:14:58'),
	(2616526914, 'user', 1, 2, 'a', NULL, 1, 5, '2023-01-28 11:21:18', '2023-01-28 11:21:25'),
	(2618128474, 'user', 2, 1, 'sad', NULL, 1, 4, '2023-01-28 16:01:58', '2023-01-28 16:02:54'),
	(2622716940, 'user', 1, 2, 'post 1', NULL, 1, 1, '2022-12-31 10:25:34', '2023-01-07 10:07:59'),
	(2627115174, 'user', 2, 1, 'hhh', NULL, 1, 5, '2023-01-30 17:05:58', '2023-01-30 17:06:01'),
	(2627196676, 'user', 2, 1, '1', NULL, 1, 1, '2022-12-24 09:34:14', '2023-01-07 07:57:05'),
	(2628870044, 'user', 1, 2, 'starting escrow', NULL, 1, 5, '2023-01-28 12:33:26', '2023-01-28 12:33:27'),
	(2631339059, 'user', 1, 2, 'post 1', NULL, 1, 1, '2022-12-31 10:23:14', '2023-01-07 10:07:59'),
	(2631398002, 'user', 1, 2, 'sa', NULL, 1, 1, '2023-01-31 17:27:45', '2023-01-31 17:48:03'),
	(2632881224, 'user', 1, 2, 'wla', NULL, 1, 2, '2022-12-31 10:04:08', '2023-01-07 10:07:02'),
	(2634342602, 'user', 2, 1, 'dsa', NULL, 1, 2, '2023-01-31 17:27:30', '2023-01-31 17:27:58'),
	(2634703061, 'user', 2, 1, 'wlawlawl', NULL, 1, 1, '2023-01-28 08:15:52', '2023-01-28 08:15:53'),
	(2634868745, 'user', 1, 2, 'dsa', NULL, 1, 2, '2022-12-24 11:35:47', '2023-01-07 10:07:02'),
	(2641589689, 'user', 2, 1, 'hh', NULL, 1, 5, '2023-01-30 17:04:37', '2023-01-30 17:04:49'),
	(2645051867, 'user', 1, 2, 'hi', NULL, 1, 5, '2023-01-10 16:36:44', '2023-01-28 07:18:50'),
	(2647478450, 'user', 1, 2, 'asd', NULL, 1, 2, '2022-12-24 10:38:34', '2023-01-07 10:07:02'),
	(2651413845, 'user', 1, 2, 'das', NULL, 1, 5, '2023-01-30 16:57:03', '2023-01-30 16:57:04'),
	(2651726093, 'user', 1, 2, 'fsd', NULL, 1, 1, '2023-01-28 08:00:08', '2023-01-28 08:00:09'),
	(2653469485, 'user', 1, 2, 'a', NULL, 1, 1, '2023-01-28 08:06:47', '2023-01-28 08:06:54'),
	(2653832733, 'user', 2, 1, 'sa', NULL, 1, 5, '2023-01-28 11:14:57', '2023-01-28 11:14:58'),
	(2653844168, 'user', 1, 2, 'asd', NULL, 1, 5, '2023-01-30 16:52:08', '2023-01-30 16:52:09'),
	(2656837769, 'user', 1, 3, 'das', NULL, 0, 2, '2023-01-28 11:03:58', '2023-01-28 11:03:58'),
	(2656947465, 'user', 2, 1, 'dasda', NULL, 1, 5, '2023-01-28 09:10:42', '2023-01-28 09:10:43'),
	(2660082181, 'user', 1, 3, 'مستخدم 3 بوست 1', NULL, 0, 1, '2023-01-02 18:34:59', '2023-01-02 18:34:59'),
	(2660344054, 'user', 2, 1, 'dsa', NULL, 1, 5, '2023-01-30 16:51:52', '2023-01-30 16:51:54'),
	(2660618790, 'user', 11, 2, 'sd', NULL, 1, 4, '2023-01-28 09:45:11', '2023-01-28 09:45:40'),
	(2661053694, 'user', 1, 2, 'qqq', NULL, 1, 1, '2022-12-31 09:59:55', '2023-01-07 10:07:59'),
	(2661222211, 'user', 1, 2, 'dsasa', NULL, 1, 1, '2022-12-24 11:17:12', '2023-01-07 10:07:59'),
	(2661865537, 'user', 1, 2, 's', NULL, 1, 5, '2023-01-30 17:14:21', '2023-01-30 17:14:25'),
	(2661977444, 'user', 1, 2, '1', NULL, 1, 1, '2022-12-24 10:18:47', '2023-01-07 10:07:59'),
	(2662217158, 'user', 1, 3, 'يسش', NULL, 0, 1, '2023-01-02 19:28:50', '2023-01-02 19:28:50'),
	(2665666422, 'user', 1, 2, 'dasdas', NULL, 1, 1, '2023-01-02 17:47:49', '2023-01-07 10:07:59'),
	(2666513261, 'user', 11, 2, 'dsa', NULL, 1, 4, '2023-01-28 09:52:27', '2023-01-28 09:52:31'),
	(2668109099, 'user', 2, 1, '1', NULL, 1, 1, '2022-12-24 10:24:09', '2023-01-07 07:57:05'),
	(2668621664, 'user', 2, 1, 'escrow', NULL, 1, 5, '2023-01-30 17:08:50', '2023-01-30 17:08:52'),
	(2670034652, 'user', 1, 2, '', NULL, 1, 5, '2023-01-28 11:28:49', '2023-01-28 11:28:55'),
	(2670718529, 'user', 2, 1, 'dsa', NULL, 1, 2, '2023-01-02 17:27:24', '2023-01-07 07:57:08'),
	(2672221277, 'user', 1, 2, 'sa', NULL, 1, 5, '2023-01-28 11:15:05', '2023-01-28 11:15:08'),
	(2672240528, 'user', 1, 2, 'release', NULL, 1, 15, '2023-02-06 19:04:03', '2023-02-06 19:04:04'),
	(2674165960, 'user', 1, 3, 'sa', NULL, 0, 2, '2023-01-31 16:47:40', '2023-01-31 16:47:40');

-- Dumping structure for table badal_plus.currencies
CREATE TABLE IF NOT EXISTS `currencies` (
  `id` bigint unsigned NOT NULL AUTO_INCREMENT,
  `name_ar` varchar(255) COLLATE utf8mb4_unicode_ci NOT NULL,
  `name_en` varchar(255) COLLATE utf8mb4_unicode_ci NOT NULL,
  `rate` double(8,2) NOT NULL,
  `active` tinyint(1) NOT NULL DEFAULT '1',
  `deleted_at` timestamp NULL DEFAULT NULL,
  `created_at` timestamp NULL DEFAULT NULL,
  `updated_at` timestamp NULL DEFAULT NULL,
  PRIMARY KEY (`id`)
) ENGINE=InnoDB AUTO_INCREMENT=5 DEFAULT CHARSET=utf8mb4 COLLATE=utf8mb4_unicode_ci;

-- Dumping data for table badal_plus.currencies: ~4 rows (approximately)
INSERT INTO `currencies` (`id`, `name_ar`, `name_en`, `rate`, `active`, `deleted_at`, `created_at`, `updated_at`) VALUES
	(1, 'د.ا', 'AED', 1.00, 1, NULL, '2022-12-07 20:29:42', '2022-12-07 20:29:42'),
	(2, 'جم', 'EGP', 7.00, 1, NULL, '2022-12-07 20:31:13', '2022-12-10 09:45:32'),
	(3, 'ر.س', 'SAR', 1.20, 1, NULL, '2022-12-07 20:32:48', '2023-01-20 19:21:10'),
	(4, 'دولار', 'USD', 0.50, 1, NULL, '2022-12-10 09:43:34', '2023-02-06 17:45:21');

-- Dumping structure for table badal_plus.failed_jobs
CREATE TABLE IF NOT EXISTS `failed_jobs` (
  `id` bigint unsigned NOT NULL AUTO_INCREMENT,
  `uuid` varchar(255) COLLATE utf8mb4_unicode_ci NOT NULL,
  `connection` text COLLATE utf8mb4_unicode_ci NOT NULL,
  `queue` text COLLATE utf8mb4_unicode_ci NOT NULL,
  `payload` longtext COLLATE utf8mb4_unicode_ci NOT NULL,
  `exception` longtext COLLATE utf8mb4_unicode_ci NOT NULL,
  `failed_at` timestamp NOT NULL DEFAULT CURRENT_TIMESTAMP,
  PRIMARY KEY (`id`),
  UNIQUE KEY `failed_jobs_uuid_unique` (`uuid`)
) ENGINE=InnoDB DEFAULT CHARSET=utf8mb4 COLLATE=utf8mb4_unicode_ci;

-- Dumping data for table badal_plus.failed_jobs: ~0 rows (approximately)

-- Dumping structure for table badal_plus.migrations
CREATE TABLE IF NOT EXISTS `migrations` (
  `id` int unsigned NOT NULL AUTO_INCREMENT,
  `migration` varchar(255) COLLATE utf8mb4_unicode_ci NOT NULL,
  `batch` int NOT NULL,
  PRIMARY KEY (`id`)
) ENGINE=InnoDB AUTO_INCREMENT=23 DEFAULT CHARSET=utf8mb4 COLLATE=utf8mb4_unicode_ci;

-- Dumping data for table badal_plus.migrations: ~22 rows (approximately)
INSERT INTO `migrations` (`id`, `migration`, `batch`) VALUES
	(1, '2014_10_12_000000_create_users_table', 1),
	(2, '2014_10_12_100000_create_password_resets_table', 1),
	(3, '2019_08_19_000000_create_failed_jobs_table', 1),
	(4, '2019_12_14_000001_create_personal_access_tokens_table', 1),
	(5, '2022_09_10_210210_create_welcomes_table', 1),
	(6, '2022_09_10_210855_create_slides_table', 1),
	(7, '2022_09_10_211247_create_slide_lists_table', 1),
	(8, '2022_09_10_211754_create_categories_table', 1),
	(9, '2022_09_10_212454_create_why_us_table', 1),
	(10, '2022_10_11_172817_create_settings_table', 2),
	(11, '2022_12_07_171505_create_posts_table', 3),
	(12, '2022_12_07_195330_create_currencies_table', 3),
	(13, '2022_12_12_999999_add_active_status_to_users', 4),
	(14, '2022_12_12_999999_add_avatar_to_users', 4),
	(15, '2022_12_12_999999_add_dark_mode_to_users', 4),
	(16, '2022_12_12_999999_add_messenger_color_to_users', 4),
	(17, '2022_12_12_999999_create_favorites_table', 4),
	(18, '2022_12_12_999999_create_messages_table', 4),
	(19, '2023_03_04_999999_add_active_status_to_users', 5),
	(20, '2023_03_04_999999_add_avatar_to_users', 5),
	(21, '2023_03_04_999999_add_dark_mode_to_users', 5),
	(22, '2023_03_04_999999_add_messenger_color_to_users', 5);

-- Dumping structure for table badal_plus.password_resets
CREATE TABLE IF NOT EXISTS `password_resets` (
  `email` varchar(255) COLLATE utf8mb4_unicode_ci NOT NULL,
  `token` varchar(255) COLLATE utf8mb4_unicode_ci NOT NULL,
  `created_at` timestamp NULL DEFAULT NULL,
  KEY `password_resets_email_index` (`email`)
) ENGINE=InnoDB DEFAULT CHARSET=utf8mb4 COLLATE=utf8mb4_unicode_ci;

-- Dumping data for table badal_plus.password_resets: ~2 rows (approximately)
INSERT INTO `password_resets` (`email`, `token`, `created_at`) VALUES
	('test@test.com', '$2y$10$bP8Wr4Ry8zysFk3LZYKe2.H9sjTwLnXY7sWZRepoNSSOn7wa./Ye2', '2023-01-21 10:53:51'),
	('soli.edh4an@gmail.com', '$2y$10$vGG6ae2zJwRkmzx4/Ve1Ee2MsEHLO6Mjwx.nuQubeJ8ECUoT9Ejnu', '2023-02-18 16:10:55');

-- Dumping structure for table badal_plus.personal_access_tokens
CREATE TABLE IF NOT EXISTS `personal_access_tokens` (
  `id` bigint unsigned NOT NULL AUTO_INCREMENT,
  `tokenable_type` varchar(255) COLLATE utf8mb4_unicode_ci NOT NULL,
  `tokenable_id` bigint unsigned NOT NULL,
  `name` varchar(255) COLLATE utf8mb4_unicode_ci NOT NULL,
  `token` varchar(64) COLLATE utf8mb4_unicode_ci NOT NULL,
  `abilities` text COLLATE utf8mb4_unicode_ci,
  `last_used_at` timestamp NULL DEFAULT NULL,
  `expires_at` timestamp NULL DEFAULT NULL,
  `created_at` timestamp NULL DEFAULT NULL,
  `updated_at` timestamp NULL DEFAULT NULL,
  PRIMARY KEY (`id`),
  UNIQUE KEY `personal_access_tokens_token_unique` (`token`),
  KEY `personal_access_tokens_tokenable_type_tokenable_id_index` (`tokenable_type`,`tokenable_id`)
) ENGINE=InnoDB AUTO_INCREMENT=2 DEFAULT CHARSET=utf8mb4 COLLATE=utf8mb4_unicode_ci;

-- Dumping data for table badal_plus.personal_access_tokens: ~1 rows (approximately)
INSERT INTO `personal_access_tokens` (`id`, `tokenable_type`, `tokenable_id`, `name`, `token`, `abilities`, `last_used_at`, `expires_at`, `created_at`, `updated_at`) VALUES
	(1, 'App\\Models\\User', 2, 'سليمان محمد', '07361d16e897e3d4ee95a00abc93fdb4ccd2bd9fb8735b78a347287b4825a3a0', '["*"]', NULL, NULL, '2023-03-08 23:35:49', '2023-03-08 23:35:49');

-- Dumping structure for table badal_plus.posts
CREATE TABLE IF NOT EXISTS `posts` (
  `id` bigint unsigned NOT NULL AUTO_INCREMENT,
  `title` varchar(255) COLLATE utf8mb4_unicode_ci NOT NULL,
  `min_price` double(8,2) NOT NULL DEFAULT '10.00',
  `price` double(8,2) NOT NULL,
  `image` varchar(255) COLLATE utf8mb4_unicode_ci NOT NULL,
  `description` text COLLATE utf8mb4_unicode_ci NOT NULL,
  `category_id` int NOT NULL,
  `currency_id` int NOT NULL,
  `created_by` int NOT NULL,
  `active` tinyint(1) NOT NULL DEFAULT '0',
  `status` tinyint(1) NOT NULL DEFAULT '1',
  `deleted_at` timestamp NULL DEFAULT NULL,
  `created_at` timestamp NULL DEFAULT NULL,
  `updated_at` timestamp NULL DEFAULT NULL,
  `bought_at` timestamp NULL DEFAULT NULL,
  `bought_by` int DEFAULT NULL,
  PRIMARY KEY (`id`)
) ENGINE=InnoDB AUTO_INCREMENT=33 DEFAULT CHARSET=utf8mb4 COLLATE=utf8mb4_unicode_ci;

-- Dumping data for table badal_plus.posts: ~19 rows (approximately)
INSERT INTO `posts` (`id`, `title`, `min_price`, `price`, `image`, `description`, `category_id`, `currency_id`, `created_by`, `active`, `status`, `deleted_at`, `created_at`, `updated_at`, `bought_at`, `bought_by`) VALUES
	(14, 'post 1', 50.00, 10000.00, '8431675716923.jpg', 'description', 14, 2, 2, 1, 1, NULL, '2023-02-06 18:55:23', '2023-03-04 17:07:23', '2023-02-06 19:05:53', 1),
	(15, 'post 2', 100.00, 100.00, '9221675717101.jpg', 'sasa', 17, 1, 2, 2, 0, NULL, '2023-02-06 18:58:21', '2023-03-04 17:05:22', '2023-02-06 19:04:03', 1),
	(16, 'post 1', 100.00, 100.00, '7761676227372.jpg', 'description goes here', 6, 1, 1, 1, 1, NULL, '2023-02-12 23:42:52', '2023-02-12 23:43:12', NULL, NULL),
	(17, 'post 2', 100.00, 100.00, '7501676227429.jpg', 'fs sfds', 13, 4, 1, 1, 1, NULL, '2023-02-12 23:43:49', '2023-02-12 23:44:12', NULL, NULL),
	(18, 'title post', 200.00, 100.00, '2261676227528.jpg', 'dadas asd as', 16, 1, 1, 1, 1, NULL, '2023-02-12 23:45:28', '2023-02-12 23:45:45', NULL, NULL),
	(19, '100k subscribers YT channel', 2000.00, 100.00, '3621676242312.jpeg', 'yt', 13, 1, 14, 1, 1, NULL, '2023-02-13 03:51:52', '2023-02-13 03:52:17', NULL, NULL),
	(20, 'do7a', 9000.00, 100.00, '4021676242931.jpeg', 'hhhh', 6, 2, 14, 1, 1, NULL, '2023-02-13 04:02:11', '2023-02-13 04:02:32', NULL, NULL),
	(21, 'youtube', 1000.00, 100.00, '7441676245111.png', 'sdfkihjs', 13, 2, 17, 1, 0, NULL, '2023-02-13 04:38:31', '2023-02-13 04:38:55', '2023-02-13 04:44:58', 14),
	(22, 'Sell 2000usdt price 32,5 egp', 32.00, 0.00, '3941676402034.jpeg', '2200$ usdt', 7, 1, 17, 1, 1, NULL, '2023-02-15 00:13:54', '2023-02-15 09:57:59', NULL, NULL),
	(23, 'Crypto 2000$', 2000.00, 0.00, '2061676436382.jpeg', '2000$', 7, 2, 17, 2, 1, NULL, '2023-02-15 09:46:22', '2023-02-16 04:57:08', NULL, NULL),
	(24, 'YouTube Channel for Sale', 10000.00, 0.00, '2161676505357.jpg', 'TEST', 13, 2, 18, 1, 1, NULL, '2023-02-16 04:55:57', '2023-02-16 04:57:16', NULL, NULL),
	(25, 'Instagram for Sale', 500.00, 0.00, '1941676505806.jpg', 'TEST', 14, 1, 18, 1, 0, NULL, '2023-02-16 05:03:26', '2023-02-16 05:03:44', '2023-02-16 05:08:51', 14),
	(26, 'aa', 38000.00, 0.00, '3141676506668.png', 'aaa', 6, 2, 14, 1, 1, NULL, '2023-02-16 05:17:48', '2023-02-16 05:18:01', NULL, NULL),
	(27, '1111', 5500.00, 0.00, '5641676507011.png', '121', 13, 1, 14, 1, 1, NULL, '2023-02-16 05:23:31', '2023-02-16 05:23:39', NULL, NULL),
	(28, 'oo', 38000.00, 0.00, '7741676507244.png', 'oo', 6, 2, 15, 1, 1, NULL, '2023-02-16 05:27:24', '2023-02-16 05:28:03', NULL, NULL),
	(29, 'Crypto', 5000.00, 0.00, '7031676507479.jpeg', 'Btc', 6, 1, 17, 1, 1, NULL, '2023-02-16 05:31:19', '2023-02-16 05:32:30', NULL, NULL),
	(30, 'Btc', 500.00, 0.00, '7341676507663.jpeg', 'Trx', 6, 1, 17, 1, 0, NULL, '2023-02-16 05:34:23', '2023-02-16 05:34:39', '2023-02-16 05:36:57', 18),
	(31, 'Gxhs', 5000.00, 0.00, '5891676653441.jpeg', 'Usus', 16, 2, 17, 1, 1, NULL, '2023-02-17 22:04:01', '2023-03-04 17:05:16', NULL, NULL),
	(32, '87989797978', 20.00, 0.00, '5351678134666.png', '//**/*/888998', 19, 4, 2, 1, 1, NULL, '2023-03-06 18:31:06', '2023-03-06 18:31:28', NULL, NULL);

-- Dumping structure for table badal_plus.post_user
CREATE TABLE IF NOT EXISTS `post_user` (
  `user_id` bigint NOT NULL,
  `post_id` bigint NOT NULL,
  `status` enum('escrow','hold','release') COLLATE utf8mb4_general_ci NOT NULL,
  `price` float(10,2) NOT NULL,
  `currency_id` int NOT NULL DEFAULT '1',
  `currency_rate` float(10,2) NOT NULL,
  `created_at` timestamp NOT NULL DEFAULT CURRENT_TIMESTAMP,
  `updated_at` timestamp NOT NULL DEFAULT CURRENT_TIMESTAMP
) ENGINE=InnoDB DEFAULT CHARSET=utf8mb4 COLLATE=utf8mb4_general_ci;

-- Dumping data for table badal_plus.post_user: ~7 rows (approximately)
INSERT INTO `post_user` (`user_id`, `post_id`, `status`, `price`, `currency_id`, `currency_rate`, `created_at`, `updated_at`) VALUES
	(1, 15, 'release', 100.00, 1, 1.00, '2023-02-06 21:02:23', '2023-02-06 21:02:23'),
	(1, 14, 'release', 14.29, 1, 1.00, '2023-02-06 21:05:35', '2023-02-06 21:05:35'),
	(16, 18, 'hold', 200.00, 1, 1.00, '2023-02-12 19:12:30', '2023-02-12 19:12:30'),
	(14, 21, 'release', 142.86, 1, 1.00, '2023-02-12 23:42:10', '2023-02-12 23:42:10'),
	(14, 22, 'hold', 32.00, 1, 1.00, '2023-02-15 05:06:50', '2023-02-15 05:06:50'),
	(14, 25, 'release', 500.00, 1, 1.00, '2023-02-16 00:05:28', '2023-02-16 00:05:28'),
	(18, 30, 'release', 500.00, 1, 1.00, '2023-02-16 00:36:13', '2023-02-16 00:36:13');

-- Dumping structure for table badal_plus.recharge_requests
CREATE TABLE IF NOT EXISTS `recharge_requests` (
  `id` int NOT NULL AUTO_INCREMENT,
  `user_id` int NOT NULL,
  `amount` float(10,4) NOT NULL,
  `accepted_amount` float(10,4) DEFAULT NULL,
  `currency_id` int NOT NULL,
  `currency_rate` float(10,4) NOT NULL,
  `admin_id` int DEFAULT NULL,
  `img` varchar(255) DEFAULT NULL,
  `accept_date` timestamp NULL DEFAULT NULL,
  `created_at` timestamp NULL DEFAULT CURRENT_TIMESTAMP,
  `updated_at` timestamp NULL DEFAULT CURRENT_TIMESTAMP,
  `status` enum('pending','refused','confirmed') NOT NULL DEFAULT 'pending',
  `number` varchar(255) DEFAULT NULL,
  PRIMARY KEY (`id`)
) ENGINE=InnoDB AUTO_INCREMENT=8 DEFAULT CHARSET=utf8mb3;

-- Dumping data for table badal_plus.recharge_requests: ~4 rows (approximately)
INSERT INTO `recharge_requests` (`id`, `user_id`, `amount`, `accepted_amount`, `currency_id`, `currency_rate`, `admin_id`, `img`, `accept_date`, `created_at`, `updated_at`, `status`, `number`) VALUES
	(4, 2, 100.0000, 100.0000, 1, 1.0000, 1, '7591675717827.png', '2023-02-06 19:13:53', '2023-02-06 19:10:27', '2023-02-06 21:10:27', 'confirmed', '56546'),
	(5, 1, 200.0000, NULL, 1, 1.0000, NULL, '1621676227490.png', NULL, '2023-02-12 23:44:50', '2023-02-12 18:44:50', 'pending', '1099271550'),
	(6, 18, 500.0000, 500.0000, 1, 1.0000, 14, '3271676507663.jpg', '2023-02-16 05:35:13', '2023-02-16 05:34:23', '2023-02-16 00:34:23', 'confirmed', '86697696'),
	(7, 14, 565.0000, 565.0000, 1, 1.0000, 14, '8401676511530.png', '2023-02-16 06:39:34', '2023-02-16 06:38:50', '2023-02-16 01:38:50', 'confirmed', '695');

-- Dumping structure for table badal_plus.settings
CREATE TABLE IF NOT EXISTS `settings` (
  `id` bigint unsigned NOT NULL AUTO_INCREMENT,
  `name_ar` varchar(255) COLLATE utf8mb4_unicode_ci DEFAULT NULL,
  `name_en` varchar(255) COLLATE utf8mb4_unicode_ci DEFAULT NULL,
  `logo_ar` varchar(255) COLLATE utf8mb4_unicode_ci DEFAULT 'logo_ar.png',
  `logo_en` varchar(255) COLLATE utf8mb4_unicode_ci DEFAULT 'logo_en.png',
  `icon` varchar(255) COLLATE utf8mb4_unicode_ci DEFAULT 'icon.png',
  `phone` varchar(255) COLLATE utf8mb4_unicode_ci DEFAULT NULL,
  `email` varchar(255) COLLATE utf8mb4_unicode_ci DEFAULT NULL,
  `address_ar` varchar(255) COLLATE utf8mb4_unicode_ci DEFAULT NULL,
  `address_en` varchar(255) COLLATE utf8mb4_unicode_ci DEFAULT NULL,
  `content_ar` text COLLATE utf8mb4_unicode_ci,
  `content_en` text COLLATE utf8mb4_unicode_ci,
  `created_at` timestamp NULL DEFAULT NULL,
  `updated_at` timestamp NULL DEFAULT NULL,
  PRIMARY KEY (`id`)
) ENGINE=InnoDB AUTO_INCREMENT=2 DEFAULT CHARSET=utf8mb4 COLLATE=utf8mb4_unicode_ci;

-- Dumping data for table badal_plus.settings: ~0 rows (approximately)
INSERT INTO `settings` (`id`, `name_ar`, `name_en`, `logo_ar`, `logo_en`, `icon`, `phone`, `email`, `address_ar`, `address_en`, `content_ar`, `content_en`, `created_at`, `updated_at`) VALUES
	(1, 'بدل بلس', 'Badal Plus', '6271676867149.png', '6131676867149.png', '9741676867149.png', '+201148422820', 'admin@badalplus.com', 'test', 'test', 'test', 'test', NULL, '2023-02-20 10:53:39');

-- Dumping structure for table badal_plus.slides
CREATE TABLE IF NOT EXISTS `slides` (
  `id` bigint unsigned NOT NULL AUTO_INCREMENT,
  `icon` varchar(255) COLLATE utf8mb4_unicode_ci NOT NULL,
  `title_ar` text COLLATE utf8mb4_unicode_ci NOT NULL,
  `title_en` text COLLATE utf8mb4_unicode_ci NOT NULL,
  `active` tinyint(1) NOT NULL DEFAULT '1',
  `created_at` timestamp NULL DEFAULT NULL,
  `updated_at` timestamp NULL DEFAULT NULL,
  PRIMARY KEY (`id`)
) ENGINE=InnoDB AUTO_INCREMENT=6 DEFAULT CHARSET=utf8mb4 COLLATE=utf8mb4_unicode_ci;

-- Dumping data for table badal_plus.slides: ~4 rows (approximately)
INSERT INTO `slides` (`id`, `icon`, `title_ar`, `title_en`, `active`, `created_at`, `updated_at`) VALUES
	(2, '7681676357813.jpg', 'حسابات الألعاب الأونلاين', 'Online games account', 1, '2022-09-13 16:25:45', '2023-02-16 08:26:55'),
	(3, '6821676358812.png', 'قم بشراء أو بيع قناة الوسائط الاجتماعية الخاصة بك بأمان وثقة', 'Buy or sell your social media chanel safely and confidently', 1, '2022-09-20 15:27:39', '2023-02-14 12:13:32'),
	(4, '1981676517345.png', 'البنوك الألكترونيه', 'Online Banks', 1, '2023-02-16 08:15:45', '2023-02-16 08:15:45'),
	(5, '6381676517665.png', 'العملات الرقميه', 'Cryptocurrency', 1, '2023-02-16 08:21:05', '2023-02-16 08:21:05');

-- Dumping structure for table badal_plus.slide_lists
CREATE TABLE IF NOT EXISTS `slide_lists` (
  `id` bigint unsigned NOT NULL AUTO_INCREMENT,
  `slide_id` int NOT NULL,
  `content_ar` text COLLATE utf8mb4_unicode_ci NOT NULL,
  `content_en` text COLLATE utf8mb4_unicode_ci NOT NULL,
  `active` tinyint(1) NOT NULL DEFAULT '1',
  `created_at` timestamp NULL DEFAULT NULL,
  `updated_at` timestamp NULL DEFAULT NULL,
  PRIMARY KEY (`id`)
) ENGINE=InnoDB AUTO_INCREMENT=16 DEFAULT CHARSET=utf8mb4 COLLATE=utf8mb4_unicode_ci;

-- Dumping data for table badal_plus.slide_lists: ~15 rows (approximately)
INSERT INTO `slide_lists` (`id`, `slide_id`, `content_ar`, `content_en`, `active`, `created_at`, `updated_at`) VALUES
	(1, 2, 'يتفق المشتري والبائع على الجدول الزمني', 'The buyer and seller should agree on the terms', 1, '2022-09-13 17:01:49', '2023-02-16 08:38:45'),
	(2, 2, 'يدفع المشتري badal plus', 'Buyer pays into an escrow badalplus', 1, '2022-09-13 17:07:55', '2023-02-16 08:29:30'),
	(3, 2, 'نقل للبائع', 'Seller transfers ownership of the game account', 1, '2022-09-20 15:25:07', '2023-02-16 08:30:51'),
	(4, 2, 'badal plus يدفع للبائع', 'Buyer confirms ownership Once the buyer confirms ownership', 1, '2022-09-20 15:25:56', '2023-02-16 08:35:16'),
	(5, 3, 'يتفق المشتري والبائع على الجدول الزمني', 'Buyer and seller agree on terms', 1, '2022-09-13 17:01:49', '2023-02-16 08:41:01'),
	(6, 3, 'يدفع المشتري badal plus', 'Buyer pays into an escrow badalplus', 1, '2022-09-13 17:07:55', '2023-02-16 08:41:30'),
	(7, 3, 'نقل للبائع', 'Seller transfers ownership of the youtube channel in (7) days', 1, '2022-09-20 15:25:07', '2023-02-16 08:42:45'),
	(8, 3, 'badal plus يدفع للبائع', 'Buyer confirms ownership once the buyer confirms ownership', 1, '2022-09-20 15:25:56', '2023-02-16 08:43:54'),
	(9, 2, 'بدل بلس يدفع للبائع', 'BadalPlus releases payment to the seller', 1, '2023-02-16 08:37:38', '2023-02-16 08:37:38'),
	(10, 3, 'بدل', 'badalplus release payment to the seller', 1, '2023-02-16 08:46:35', '2023-02-16 08:46:35'),
	(11, 4, 'بدل', 'The buyer and seller should agree on the terms', 1, '2023-02-16 08:49:31', '2023-02-16 08:49:31'),
	(12, 4, 'بدل', 'Buyer pays into an escrow badalplus', 1, '2023-02-16 08:51:34', '2023-02-16 08:51:34'),
	(13, 4, 'بدل', 'seller pays to the bank method of the buyer', 1, '2023-02-16 08:56:24', '2023-02-16 08:56:24'),
	(14, 4, 'بدل', 'once the buyer confirm the payment', 1, '2023-02-16 08:58:05', '2023-02-16 08:58:05'),
	(15, 4, 'بدل', 'badalplus release the payment to the seller', 1, '2023-02-16 08:58:57', '2023-02-16 08:58:57');

-- Dumping structure for table badal_plus.users
CREATE TABLE IF NOT EXISTS `users` (
  `id` bigint unsigned NOT NULL AUTO_INCREMENT,
  `first_name` varchar(255) COLLATE utf8mb4_unicode_ci NOT NULL,
  `last_name` varchar(255) COLLATE utf8mb4_unicode_ci NOT NULL,
  `email` varchar(255) COLLATE utf8mb4_unicode_ci NOT NULL,
  `phone` varchar(255) COLLATE utf8mb4_unicode_ci NOT NULL,
  `image` varchar(255) COLLATE utf8mb4_unicode_ci DEFAULT NULL,
  `location` varchar(255) COLLATE utf8mb4_unicode_ci DEFAULT NULL,
  `balance` decimal(20,4) NOT NULL DEFAULT '0.0000',
  `active` tinyint(1) NOT NULL DEFAULT '0',
  `email_verified_at` timestamp NULL DEFAULT NULL,
  `password` varchar(255) COLLATE utf8mb4_unicode_ci NOT NULL,
  `api_token` varchar(255) COLLATE utf8mb4_unicode_ci DEFAULT NULL,
  `facebook` text COLLATE utf8mb4_unicode_ci,
  `twitter` text COLLATE utf8mb4_unicode_ci,
  `currency_id` int NOT NULL DEFAULT '1',
  `remember_token` varchar(100) COLLATE utf8mb4_unicode_ci DEFAULT NULL,
  `deleted_at` timestamp NULL DEFAULT NULL,
  `created_at` timestamp NULL DEFAULT NULL,
  `updated_at` timestamp NULL DEFAULT NULL,
  `active_status` tinyint(1) NOT NULL DEFAULT '0',
  `avatar` varchar(255) COLLATE utf8mb4_unicode_ci NOT NULL DEFAULT 'avatar.png',
  `dark_mode` tinyint(1) NOT NULL DEFAULT '0',
  `messenger_color` varchar(255) COLLATE utf8mb4_unicode_ci NOT NULL DEFAULT '#FBD540',
  `admin` tinyint(1) NOT NULL DEFAULT '0',
  `uid` char(20) COLLATE utf8mb4_unicode_ci DEFAULT NULL,
  PRIMARY KEY (`id`),
  UNIQUE KEY `users_email_unique` (`email`),
  UNIQUE KEY `users_phone_unique` (`phone`),
  UNIQUE KEY `api_token` (`api_token`)
) ENGINE=InnoDB AUTO_INCREMENT=19 DEFAULT CHARSET=utf8mb4 COLLATE=utf8mb4_unicode_ci;

-- Dumping data for table badal_plus.users: ~8 rows (approximately)
INSERT INTO `users` (`id`, `first_name`, `last_name`, `email`, `phone`, `image`, `location`, `balance`, `active`, `email_verified_at`, `password`, `api_token`, `facebook`, `twitter`, `currency_id`, `remember_token`, `deleted_at`, `created_at`, `updated_at`, `active_status`, `avatar`, `dark_mode`, `messenger_color`, `admin`, `uid`) VALUES
	(1, 'soliman', 'mohamed', 'soli.edh4an@gmail.com', '01099271550', 'avatar.png', NULL, 502.3800, 1, NULL, '$2y$10$8UBagP6KNr2f6kCFRxkU/uzLKdgKePAau8uRnNweQI1iOrfVNGdAW', '9ax4RdqgF2aZ65fTIQYXZPWJsdG1dSBxcd2WSmDVO6O2bqWTmbWDwOXK6kzC', NULL, NULL, 1, 'AUJWnpjTUeyNk5JRNPwWDc0o6VlYX4WqOAXsJXi1iHibHs4VaELKD3o505fi', NULL, '2022-09-19 16:30:50', '2023-02-13 04:00:03', 0, 'cc2a6ea6-72fe-4a5d-b93a-6df87227238e.jpg', 0, '#FBD540', 1, NULL),
	(2, 'سليمان', 'محمد', 'user@user.com', '+201099271550', '2441675718116.jpg', 'Egypt', 814.2900, 1, NULL, '$2y$10$8UBagP6KNr2f6kCFRxkU/uzLKdgKePAau8uRnNweQI1iOrfVNGdAW', NULL, NULL, NULL, 1, 'qggDBsj0A3NR18REUuWCMG0m9j87kaIs26b8KiErQ80v0wlQVGbucH536URu', NULL, '2022-09-19 16:32:35', '2023-03-09 07:15:28', 1, 'avatar.png', 1, '#2196F3', 1, 'kjkfjjkfskjsfjkkj1'),
	(13, 'Dalton', 'Salinas', 'jityji@mailinator.com', '01011801550', NULL, NULL, 0.0000, 1, NULL, '$2y$10$qYAiov2apqGrdkQGqmR.YeObQtTSOhOMawbZmhn8oJiBQWgB/aRny', NULL, NULL, NULL, 1, NULL, NULL, '2023-02-06 18:45:43', '2023-02-06 18:52:03', 0, 'avatar.png', 0, '#FBD540', 0, NULL),
	(14, 'admin', 'admin', 'admin@admin.com', '0102233114455', 'avatar.png', 'Incididunt occaecat', 4890.1400, 1, NULL, '$2y$10$BU4THtRR4c3iZ.UJ3aA1/eECyCaHl7.UIfh0HQp6AJK.UumelgMsy', NULL, NULL, NULL, 1, 'vZZKomSFh8vhPrcM67JfebtlRJHOd2etYi2Zm2ZfH9IW2HeRGWW0A8uOOYYa', NULL, '2023-02-12 23:19:51', '2023-02-16 06:39:34', 1, 'avatar.png', 0, '#FBD540', 1, NULL),
	(15, 'mohsen', 'hagag', 'mo7senhagag@gmail.com', '01014366095', NULL, NULL, 0.0000, 1, NULL, '$2y$10$/UuZp.lUIgEZrc8smoPlkeftEUnb6t5WiJcIITdIzwbMR1g.0WBhm', NULL, NULL, NULL, 1, NULL, NULL, '2023-02-12 23:32:55', '2023-02-16 05:30:07', 0, 'avatar.png', 0, '#FBD540', 0, NULL),
	(16, 'Amr', 'ELDreeny', 'thedreeny@gmail.com', '01229975556', NULL, NULL, 4800.0000, 1, NULL, '$2y$10$EqsLyr/Kq0ZZjjriH5diy.ZuFN1.t/RuEGU8LC3bsGM7n73/f7ghK', NULL, NULL, NULL, 1, 'VsdVyBawr6qlyx4GEVvOeDl1bMAIg05cjK0dO1uv3GlxliRU7oxUakKvtOEU', NULL, '2023-02-13 00:11:08', '2023-02-13 00:31:06', 0, 'avatar.png', 0, '#FBD540', 0, NULL),
	(17, 'Abdo', 'Badal', 'abdohlwa63@gmail.com', '01010772643', '3701676402319.jpg', NULL, 5642.8600, 1, NULL, '$2y$10$eslruLJWsbWtqLGtMqOxV.36lWzk9Q9qu/QJzzLwdvcymUjXqznSi', NULL, 'https://www.facebook.com/elboodwbas?mibextid=ZbWKwL', NULL, 1, 'xtWfK2Jzb5Xaxt08KktIOI5zo38ugaNm2GLGu1t4EB4eSnaoMjdf1eeKHugO', NULL, '2023-02-13 03:46:46', '2023-02-16 05:37:05', 0, 'avatar.png', 0, '#FBD540', 0, NULL),
	(18, 'Nourhan', 'Hamdi', 'nourhanhamdi@hotmail.com', '01020057328', NULL, NULL, 5600.0000, 1, NULL, '$2y$10$FzjPN14Lu.NxrEYRofcn6u59rSRlDGyd7u1cqXytDQ8o12FxB/37K', NULL, NULL, NULL, 1, NULL, NULL, '2023-02-16 04:51:12', '2023-03-04 17:09:55', 0, 'avatar.png', 0, '#FBD540', 0, NULL);

-- Dumping structure for table badal_plus.vf_numbers
CREATE TABLE IF NOT EXISTS `vf_numbers` (
  `id` int NOT NULL AUTO_INCREMENT,
  `number` char(11) COLLATE utf8mb4_general_ci NOT NULL,
  `show` tinyint(1) NOT NULL DEFAULT '0' COMMENT '0=>hide,1=>show',
  `created_at` timestamp NOT NULL DEFAULT CURRENT_TIMESTAMP ON UPDATE CURRENT_TIMESTAMP,
  `updated_at` timestamp NOT NULL DEFAULT CURRENT_TIMESTAMP,
  PRIMARY KEY (`id`) USING BTREE,
  UNIQUE KEY `number` (`number`) USING BTREE
) ENGINE=InnoDB DEFAULT CHARSET=utf8mb4 COLLATE=utf8mb4_general_ci;

-- Dumping data for table badal_plus.vf_numbers: ~0 rows (approximately)

-- Dumping structure for table badal_plus.welcomes
CREATE TABLE IF NOT EXISTS `welcomes` (
  `id` bigint unsigned NOT NULL AUTO_INCREMENT,
  `content_ar` text COLLATE utf8mb4_unicode_ci NOT NULL,
  `content_en` text COLLATE utf8mb4_unicode_ci NOT NULL,
  `type` enum('title','list') COLLATE utf8mb4_unicode_ci NOT NULL,
  `active` tinyint(1) NOT NULL DEFAULT '1',
  `created_at` timestamp NULL DEFAULT NULL,
  `updated_at` timestamp NULL DEFAULT NULL,
  PRIMARY KEY (`id`)
) ENGINE=InnoDB AUTO_INCREMENT=8 DEFAULT CHARSET=utf8mb4 COLLATE=utf8mb4_unicode_ci;

-- Dumping data for table badal_plus.welcomes: ~4 rows (approximately)
INSERT INTO `welcomes` (`id`, `content_ar`, `content_en`, `type`, `active`, `created_at`, `updated_at`) VALUES
	(3, 'وفر الوقت بشراء خدمات عالية الجودة.', 'Trusted Escrow Solutions for Digital Markets', 'title', 1, '2022-09-13 15:30:20', '2023-02-13 13:04:24'),
	(4, 'تمكين انتقاد اليسار واليمين', 'Fraud Detection: The AI system is designed to detect and prevent any fraudulent activities that may harm the buyer or the seller.', 'list', 1, '2022-09-20 15:01:53', '2023-02-13 13:12:57'),
	(5, 'تغيير الفئات إلى فئاتنا', 'Escrow Services: The AI website acts as an intermediary, holding the funds in escrow until the transaction is completed successfully.', 'list', 1, '2022-09-20 15:03:06', '2023-02-13 13:13:30'),
	(6, 'تغيير الشعارات لشعارات الفئات الفرعية', 'Dispute Resolution: In case of any disputes, the AI system will facilitate a fair and efficient resolution process.', 'list', 1, '2022-09-20 15:03:33', '2023-02-13 13:14:05');

-- Dumping structure for table badal_plus.why_us
CREATE TABLE IF NOT EXISTS `why_us` (
  `id` bigint unsigned NOT NULL AUTO_INCREMENT,
  `icon` varchar(255) COLLATE utf8mb4_unicode_ci NOT NULL,
  `title_ar` text COLLATE utf8mb4_unicode_ci NOT NULL,
  `title_en` text COLLATE utf8mb4_unicode_ci NOT NULL,
  `description_ar` text COLLATE utf8mb4_unicode_ci NOT NULL,
  `description_en` text COLLATE utf8mb4_unicode_ci NOT NULL,
  `active` tinyint(1) NOT NULL DEFAULT '1',
  `created_at` timestamp NULL DEFAULT NULL,
  `updated_at` timestamp NULL DEFAULT NULL,
  PRIMARY KEY (`id`)
) ENGINE=InnoDB AUTO_INCREMENT=4 DEFAULT CHARSET=utf8mb4 COLLATE=utf8mb4_unicode_ci;

-- Dumping data for table badal_plus.why_us: ~3 rows (approximately)
INSERT INTO `why_us` (`id`, `icon`, `title_ar`, `title_en`, `description_ar`, `description_en`, `active`, `created_at`, `updated_at`) VALUES
	(1, '1663183244.png', 'test', 'test', 'test', 'test', 1, '2022-09-14 17:20:44', '2023-01-20 13:56:33'),
	(2, '1663183426.png', 'test 2', 'test 2', 'test 2', 'test 2', 1, '2022-09-14 17:23:46', '2023-01-20 13:56:48'),
	(3, '7931674231306.png', 'test 3', 'test 3', 'test 3', 'test 3', 1, '2023-01-20 14:15:06', '2023-01-20 14:15:06');

/*!40103 SET TIME_ZONE=IFNULL(@OLD_TIME_ZONE, 'system') */;
/*!40101 SET SQL_MODE=IFNULL(@OLD_SQL_MODE, '') */;
/*!40014 SET FOREIGN_KEY_CHECKS=IFNULL(@OLD_FOREIGN_KEY_CHECKS, 1) */;
/*!40101 SET CHARACTER_SET_CLIENT=@OLD_CHARACTER_SET_CLIENT */;
/*!40111 SET SQL_NOTES=IFNULL(@OLD_SQL_NOTES, 1) */;
